date,open,high,low,close,volume,daily_return_pct,rolling_volatility_10d,rolling_volatility_30d
2023-01-02,18131.69921875,18215.150390625,18086.5,18197.44921875,256100,0.3626,,
2023-01-03,18163.19921875,18251.94921875,18149.80078125,18232.55078125,208700,0.3818,0.0136,0.0136
2023-01-04,18230.650390625,18243.0,18020.599609375,18042.94921875,235200,-1.0296,0.8094,0.8094
2023-01-05,18101.94921875,18120.30078125,17892.599609375,17992.150390625,269900,-0.6066,0.7086,0.7086
2023-01-06,18008.05078125,18047.400390625,17795.55078125,17859.44921875,238200,-0.8252,0.6702,0.6702
2023-01-09,17952.55078125,18141.400390625,17936.150390625,18101.19921875,257200,0.828,0.7668,0.7668
2023-01-10,18121.30078125,18127.599609375,17856.0,17914.150390625,283300,-1.1431,0.7946,0.7946
2023-01-11,17924.25,17976.349609375,17824.349609375,17895.69921875,259900,-0.1593,0.7371,0.7371
2023-01-12,17920.849609375,17945.80078125,17761.650390625,17858.19921875,227800,-0.3496,0.69,0.69
2023-01-13,17867.5,17999.349609375,17774.25,17956.599609375,256700,0.4987,0.6958,0.6958
2023-01-16,18033.150390625,18049.650390625,17853.650390625,17894.849609375,206200,-0.7669,0.6852,0.6816
2023-01-17,17922.80078125,18072.05078125,17886.94921875,18053.30078125,219100,0.7281,0.7316,0.7092
2023-01-18,18074.30078125,18183.75,18032.44921875,18165.349609375,255800,0.5037,0.7182,0.7045
2023-01-19,18119.80078125,18155.19921875,18063.75,18107.849609375,237800,-0.066,0.6984,0.677
2023-01-20,18115.599609375,18145.44921875,18016.19921875,18027.650390625,237200,-0.4855,0.6653,0.6593
2023-01-23,18118.44921875,18162.599609375,18063.44921875,18118.55078125,202500,0.0006,0.5927,0.6379
2023-01-24,18183.94921875,18201.25,18078.650390625,18118.30078125,216900,-0.361,0.4851,0.6201
2023-01-25,18093.349609375,18100.599609375,17846.150390625,17891.94921875,257200,-1.1131,0.5919,0.6433
2023-01-27,17877.19921875,17884.75,17493.55078125,17604.349609375,476300,-1.5262,0.7371,0.6953
2023-01-30,17541.94921875,17709.150390625,17405.55078125,17648.94921875,432400,0.61,0.7505,0.7047
2023-01-31,17731.44921875,17735.69921875,17537.55078125,17662.150390625,398300,-0.3908,0.7308,0.6878
2023-02-01,17811.599609375,17972.19921875,17353.400390625,17616.30078125,512900,-1.0965,0.6975,0.696
2023-02-02,17517.099609375,17653.900390625,17445.94921875,17610.400390625,490100,0.5326,0.7017,0.7004
2023-02-03,17721.75,17870.30078125,17584.19921875,17854.05078125,424100,0.7465,0.7854,0.7139
2023-02-06,17818.55078125,17823.69921875,17698.349609375,17764.599609375,282500,-0.3028,0.7829,0.6992
2023-02-07,17790.099609375,17811.150390625,17652.55078125,17721.5,354400,-0.3856,0.7765,0.686
2023-02-08,17750.30078125,17898.69921875,17744.150390625,17871.69921875,291000,0.6839,0.8394,0.6943
2023-02-09,17885.5,17916.900390625,17779.80078125,17893.44921875,260900,0.0444,0.781,0.6826
2023-02-10,17847.55078125,17876.94921875,17801.0,17856.5,232000,0.0501,0.6015,0.6715
2023-02-13,17859.099609375,17880.69921875,17719.75,17770.900390625,231300,-0.4939,0.5883,0.6626
2023-02-14,17840.349609375,17954.55078125,17800.05078125,17929.849609375,244500,0.5017,0.6003,0.6669
2023-02-15,17896.599609375,18034.099609375,17853.80078125,18015.849609375,229300,0.6663,0.4802,0.677
2023-02-16,18094.75,18134.75,18000.650390625,18035.849609375,230200,-0.3255,0.4916,0.6576
2023-02-17,17974.849609375,18034.25,17884.599609375,17944.19921875,208100,-0.1705,0.4447,0.6516
2023-02-20,17965.55078125,18004.349609375,17818.400390625,17844.599609375,174600,-0.6732,0.4885,0.6464
2023-02-21,17905.80078125,17924.900390625,17800.30078125,17826.69921875,198200,-0.4418,0.4936,0.6238
2023-02-22,17755.349609375,17772.5,17529.44921875,17554.30078125,204000,-1.1323,0.5395,0.6232
2023-02-23,17574.650390625,17620.05078125,17455.400390625,17511.25,240800,-0.3607,0.5345,0.6244
2023-02-24,17591.349609375,17599.75,17421.80078125,17465.80078125,209400,-0.7137,0.5433,0.6316
2023-02-27,17428.599609375,17451.599609375,17299.0,17392.69921875,246400,-0.206,0.5403,0.6187
2023-02-28,17383.25,17440.44921875,17255.19921875,17303.94921875,420900,-0.4562,0.4649,0.6114
2023-03-01,17360.099609375,17467.75,17345.25,17450.900390625,272900,0.523,0.4299,0.6019
2023-03-02,17421.5,17445.80078125,17306.0,17321.900390625,310700,-0.5717,0.4325,0.5908
2023-03-03,17451.25,17644.75,17427.69921875,17594.349609375,356200,0.82,0.5832,0.6207
2023-03-06,17680.349609375,17799.94921875,17671.94921875,17711.44921875,362800,0.1759,0.5881,0.622
2023-03-08,17665.75,17766.5,17602.25,17754.400390625,267000,0.5018,0.6259,0.6336
2023-03-09,17772.05078125,17772.349609375,17573.599609375,17589.599609375,262400,-1.0266,0.608,0.6522
2023-03-10,17443.80078125,17451.5,17324.349609375,17412.900390625,235900,-0.1771,0.603,0.6281
2023-03-13,17421.900390625,17529.900390625,17113.44921875,17154.30078125,254900,-1.536,0.7355,0.6289
2023-03-14,17160.55078125,17224.650390625,16987.099609375,17043.30078125,290600,-0.6833,0.7516,0.619
2023-03-15,17166.44921875,17211.349609375,16938.900390625,16972.150390625,248200,-1.1319,0.8016,0.6414
2023-03-16,16994.650390625,17062.44921875,16850.150390625,16985.599609375,349800,-0.0533,0.7544,0.6202
2023-03-17,17111.80078125,17145.80078125,16958.150390625,17100.05078125,408100,-0.0687,0.7561,0.6057
2023-03-20,17066.599609375,17066.599609375,16828.349609375,16988.400390625,241800,-0.4582,0.6417,0.5797
2023-03-21,17060.400390625,17127.69921875,17016.0,17107.5,246700,0.2761,0.6532,0.5874
2023-03-22,17177.44921875,17207.25,17107.849609375,17151.900390625,0,-0.1487,0.5774,0.5868
2023-03-23,17097.400390625,17205.400390625,17045.30078125,17076.900390625,219200,-0.1199,0.5565,0.5619
2023-03-24,17076.19921875,17109.44921875,16917.349609375,16945.05078125,228000,-0.768,0.5604,0.567
2023-03-27,16984.30078125,17091.0,16918.55078125,16985.69921875,218400,0.0082,0.4317,0.5662
2023-03-28,17031.75,17061.75,16913.75,16951.69921875,238800,-0.47,0.4165,0.5659
2023-03-29,16977.30078125,17126.150390625,16940.599609375,17080.69921875,345900,0.609,0.3901,0.5713
2023-03-31,17210.349609375,17381.599609375,17204.650390625,17359.75,263900,0.8681,0.5006,0.5838
2023-04-03,17427.94921875,17428.05078125,17312.75,17398.05078125,230200,-0.1716,0.5026,0.5839
2023-04-05,17422.30078125,17570.55078125,17402.69921875,17557.05078125,248300,0.7734,0.5377,0.6135
2023-04-06,17533.849609375,17638.69921875,17502.849609375,17599.150390625,242700,0.3724,0.5423,0.617
2023-04-10,17634.900390625,17694.099609375,17597.94921875,17624.05078125,254800,-0.0615,0.5387,0.6156
2023-04-11,17704.80078125,17748.75,17655.150390625,17722.30078125,304300,0.0988,0.533,0.5904
2023-04-12,17759.55078125,17825.75,17717.25,17812.400390625,232800,0.2976,0.4312,0.5941
2023-04-13,17807.30078125,17842.150390625,17729.650390625,17828.0,285800,0.1162,0.4263,0.5845
2023-04-17,17863.0,17863.0,17574.05078125,17706.849609375,357400,-0.8742,0.512,0.6016
2023-04-18,17766.599609375,17766.599609375,17610.19921875,17660.150390625,258900,-0.5992,0.5469,0.605
2023-04-19,17653.349609375,17666.150390625,17579.849609375,17618.75,281500,-0.196,0.4758,0.593
2023-04-20,17638.599609375,17684.44921875,17584.349609375,17624.44921875,215100,-0.0802,0.4735,0.5874
2023-04-21,17639.75,17663.19921875,17553.94921875,17624.05078125,230200,-0.089,0.384,0.5598
2023-04-24,17707.55078125,17754.5,17612.5,17743.400390625,255700,0.2025,0.364,0.5604
2023-04-25,17761.55078125,17807.44921875,17716.849609375,17769.25,297400,0.0433,0.3673,0.548
2023-04-26,17767.30078125,17827.75,17711.19921875,17813.599609375,233000,0.2606,0.3807,0.5285
2023-04-27,17813.099609375,17931.599609375,17797.900390625,17915.05078125,241400,0.5723,0.4198,0.5435
2023-04-28,17950.400390625,18089.150390625,17885.30078125,18065.0,290300,0.6384,0.4738,0.4876
2023-05-02,18124.80078125,18180.25,18101.75,18147.650390625,265200,0.1261,0.3646,0.4722
2023-05-03,18113.80078125,18116.349609375,18042.400390625,18089.849609375,226200,-0.1322,0.2888,0.4223
2023-05-04,18081.0,18267.44921875,18066.69921875,18255.80078125,226600,0.9668,0.365,0.4549
2023-05-05,18117.30078125,18216.94921875,18055.44921875,18069.0,239700,-0.2666,0.3878,0.4584
2023-05-08,18120.599609375,18286.94921875,18100.30078125,18264.400390625,228400,0.7936,0.4066,0.4665
2023-05-09,18303.400390625,18344.19921875,18229.650390625,18265.94921875,245400,-0.2046,0.4388,0.4686
2023-05-10,18313.599609375,18326.75,18211.94921875,18315.099609375,220500,0.0082,0.441,0.4667
2023-05-11,18357.80078125,18389.69921875,18270.400390625,18297.0,248900,-0.3312,0.4813,0.4716
2023-05-12,18273.75,18342.75,18194.55078125,18314.80078125,241700,0.2246,0.465,0.4438
2023-05-15,18339.30078125,18458.900390625,18287.900390625,18398.849609375,216100,0.3247,0.4408,0.4449
2023-05-16,18432.349609375,18432.349609375,18264.349609375,18286.5,219500,-0.7913,0.5325,0.4632
2023-05-17,18300.44921875,18309.0,18115.349609375,18181.75,229900,-0.6486,0.5763,0.4739
2023-05-18,18287.5,18297.19921875,18104.849609375,18129.94921875,272100,-0.8615,0.526,0.4792
2023-05-19,18186.150390625,18218.099609375,18060.400390625,18203.400390625,260900,0.0949,0.5314,0.4781
2023-05-22,18201.099609375,18335.25,18178.849609375,18314.400390625,262600,0.6225,0.4999,0.4707
2023-05-23,18362.900390625,18419.75,18324.19921875,18348.0,270400,-0.0811,0.5001,0.4663
2023-05-24,18294.80078125,18392.599609375,18262.94921875,18285.400390625,232600,-0.0514,0.4984,0.4662
2023-05-25,18268.900390625,18338.099609375,18202.400390625,18321.150390625,235900,0.286,0.5115,0.4688
2023-05-26,18368.349609375,18508.55078125,18333.150390625,18499.349609375,198700,0.7132,0.5652,0.4834
2023-05-29,18619.150390625,18641.19921875,18581.25,18598.650390625,265300,-0.1101,0.5506,0.4837
2023-05-30,18606.650390625,18662.44921875,18575.5,18633.849609375,234400,0.1462,0.4934,0.4537
2023-05-31,18594.19921875,18603.900390625,18483.849609375,18534.400390625,696500,-0.3216,0.4541,0.4426
2023-06-01,18579.400390625,18580.30078125,18464.55078125,18487.75,265600,-0.4933,0.3818,0.4519
2023-06-02,18550.849609375,18573.69921875,18478.400390625,18534.099609375,270900,-0.0903,0.3854,0.452
2023-06-05,18612.0,18640.150390625,18582.80078125,18593.849609375,256100,-0.0975,0.3328,0.4521
2023-06-06,18600.80078125,18622.75,18531.599609375,18599.0,220800,-0.0097,0.3318,0.4513
2023-06-07,18665.599609375,18738.94921875,18636.0,18726.400390625,260100,0.3257,0.3468,0.4542
2023-06-08,18725.349609375,18777.900390625,18615.599609375,18634.55078125,286500,-0.4849,0.3697,0.4628
2023-06-09,18655.900390625,18676.650390625,18555.400390625,18563.400390625,221800,-0.4958,0.2826,0.4606
2023-06-12,18595.05078125,18633.599609375,18559.75,18601.5,179500,0.0347,0.2893,0.4444
2023-06-13,18631.80078125,18728.900390625,18631.80078125,18716.150390625,233200,0.4527,0.3364,0.4522
2023-06-14,18744.599609375,18769.69921875,18690.0,18755.900390625,261400,0.0603,0.3324,0.4518
2023-06-15,18774.44921875,18794.099609375,18669.05078125,18688.099609375,263000,-0.4599,0.3279,0.4194
2023-06-16,18723.30078125,18864.69921875,18710.5,18826.0,272800,0.5485,0.3826,0.4316
2023-06-19,18873.30078125,18881.44921875,18719.150390625,18755.44921875,219800,-0.6244,0.429,0.4157
2023-06-20,18752.349609375,18839.69921875,18660.650390625,18816.69921875,211600,0.3432,0.4482,0.4219
2023-06-21,18849.400390625,18875.900390625,18794.849609375,18856.849609375,217500,0.0395,0.4318,0.4221
2023-06-22,18853.599609375,18886.599609375,18759.5,18771.25,252700,-0.4368,0.4267,0.4249
2023-06-23,18741.849609375,18756.400390625,18647.099609375,18665.5,210600,-0.4074,0.4174,0.4259
2023-06-26,18682.349609375,18722.05078125,18646.69921875,18691.19921875,171300,0.0474,0.4177,0.4197
2023-06-27,18748.55078125,18829.25,18714.25,18817.400390625,222500,0.3672,0.4071,0.4062
2023-06-28,18908.150390625,19011.25,18861.349609375,18972.099609375,398800,0.3382,0.4248,0.3961
2023-06-30,19076.849609375,19201.69921875,19024.599609375,19189.05078125,247900,0.5882,0.4346,0.378
2023-07-03,19246.5,19345.099609375,19234.400390625,19322.55078125,226100,0.3951,0.4186,0.3837
2023-07-04,19406.599609375,19434.150390625,19300.0,19389.0,226900,-0.0907,0.3492,0.3681
2023-07-05,19405.94921875,19421.599609375,19339.599609375,19398.5,224400,-0.0384,0.3427,0.3678
2023-07-06,19385.69921875,19512.19921875,19373.0,19497.30078125,268300,0.5757,0.376,0.3814
2023-07-07,19422.80078125,19523.599609375,19303.599609375,19331.80078125,237100,-0.4685,0.3814,0.3892
2023-07-10,19400.349609375,19435.849609375,19327.099609375,19355.900390625,268200,-0.2291,0.3569,0.368
2023-07-11,19427.099609375,19515.099609375,19406.44921875,19439.400390625,251300,0.0633,0.3564,0.3679
2023-07-12,19497.44921875,19507.69921875,19361.75,19384.30078125,327900,-0.5803,0.4136,0.3807
2023-07-13,19495.19921875,19567.0,19385.80078125,19413.75,310400,-0.4178,0.4251,0.3836
2023-07-14,19493.44921875,19595.349609375,19433.5,19564.5,291200,0.3645,0.3943,0.3807
2023-07-17,19612.150390625,19731.849609375,19562.94921875,19711.44921875,268700,0.5063,0.4093,0.3919
2023-07-18,19787.5,19819.44921875,19690.19921875,19749.25,286400,-0.1933,0.4122,0.3932
2023-07-19,19802.94921875,19851.69921875,19727.44921875,19833.150390625,259700,0.1525,0.4168,0.3941
2023-07-20,19831.69921875,19991.849609375,19758.400390625,19979.150390625,274700,0.7435,0.4459,0.4126
2023-07-21,19800.44921875,19887.400390625,19700.0,19745.0,312500,-0.28,0.4278,0.4056
2023-07-24,19748.44921875,19782.75,19658.30078125,19672.349609375,265600,-0.3853,0.4403,0.4011
2023-07-25,19729.349609375,19729.349609375,19615.94921875,19680.599609375,369700,-0.2471,0.446,0.4044
2023-07-26,19733.349609375,19825.599609375,19716.69921875,19778.30078125,244700,0.2278,0.4075,0.3982
2023-07-27,19850.900390625,19867.55078125,19603.55078125,19659.900390625,334900,-0.9622,0.502,0.4363
2023-07-28,19659.75,19695.900390625,19563.099609375,19646.05078125,258700,-0.0697,0.4847,0.4284
2023-07-31,19666.349609375,19772.75,19597.599609375,19753.80078125,295100,0.4447,0.4772,0.4241
2023-08-01,19784.0,19795.599609375,19704.599609375,19733.55078125,298000,-0.255,0.4795,0.4108
2023-08-02,19655.400390625,19678.25,19423.55078125,19526.55078125,290700,-0.6555,0.5065,0.4227
2023-08-03,19463.75,19537.650390625,19296.44921875,19381.650390625,315700,-0.4218,0.4031,0.4285
2023-08-04,19462.80078125,19538.849609375,19436.44921875,19517.0,280800,0.2785,0.4374,0.4257
2023-08-07,19576.849609375,19620.44921875,19524.80078125,19597.30078125,216600,0.1045,0.4423,0.4199
2023-08-08,19627.19921875,19634.400390625,19533.099609375,19570.849609375,260300,-0.2871,0.4434,0.423
2023-08-09,19578.80078125,19645.5,19467.5,19632.55078125,266500,0.2745,0.4481,0.4204
2023-08-10,19605.55078125,19623.599609375,19495.400390625,19543.099609375,312200,-0.3185,0.3561,0.4183
2023-08-11,19554.25,19557.75,19412.75,19428.30078125,235500,-0.6441,0.3964,0.4151
2023-08-14,19383.94921875,19465.849609375,19257.900390625,19434.55078125,243900,0.261,0.3692,0.4105
2023-08-16,19369.0,19482.75,19317.19921875,19465.0,0,0.4956,0.4217,0.4239
2023-08-17,19450.55078125,19461.55078125,19326.25,19365.25,268700,-0.4386,0.3941,0.4293
2023-08-18,19301.75,19373.80078125,19253.599609375,19310.150390625,256100,0.0435,0.3749,0.412
2023-08-21,19320.650390625,19425.94921875,19296.30078125,19393.599609375,262600,0.3776,0.385,0.4146
2023-08-22,19417.099609375,19443.5,19381.30078125,19396.44921875,208700,-0.1064,0.3836,0.4136
2023-08-23,19439.19921875,19472.05078125,19366.599609375,19444.0,225200,0.0247,0.3733,0.4132
2023-08-24,19535.150390625,19584.44921875,19369.0,19386.69921875,268300,-0.7599,0.4272,0.4221
2023-08-25,19297.400390625,19339.55078125,19229.69921875,19265.80078125,466500,-0.1638,0.4215,0.4175
2023-08-28,19298.349609375,19366.849609375,19249.69921875,19306.05078125,248200,0.0399,0.3746,0.4101
2023-08-29,19374.849609375,19377.900390625,19309.099609375,19342.650390625,307400,-0.1662,0.3629,0.3955
2023-08-30,19433.44921875,19452.80078125,19334.75,19347.44921875,233000,-0.4425,0.3205,0.4002
2023-08-31,19375.55078125,19388.19921875,19223.650390625,19253.80078125,562600,-0.6284,0.3437,0.4082
2023-09-01,19258.150390625,19458.55078125,19255.69921875,19435.30078125,333000,0.9199,0.488,0.4222
2023-09-04,19525.05078125,19545.150390625,19432.849609375,19528.80078125,296800,0.0192,0.4622,0.422
2023-09-05,19564.650390625,19587.05078125,19525.75,19574.900390625,256800,0.0524,0.4657,0.4199
2023-09-06,19581.19921875,19636.44921875,19491.5,19611.05078125,287600,0.1525,0.4716,0.4214
2023-09-07,19598.650390625,19737.0,19550.05078125,19727.05078125,304900,0.6551,0.463,0.4392
2023-09-08,19774.80078125,19867.150390625,19727.05078125,19819.94921875,288100,0.2283,0.4601,0.4088
2023-09-11,19890.0,20008.150390625,19865.349609375,19996.349609375,248800,0.5347,0.481,0.4216
2023-09-12,20110.150390625,20110.349609375,19914.650390625,19993.19921875,328100,-0.5816,0.5256,0.4248
2023-09-13,19989.5,20096.900390625,19944.099609375,20070.0,251400,0.4027,0.4975,0.4306
2023-09-14,20127.94921875,20167.650390625,20043.44921875,20103.099609375,275100,-0.1235,0.4275,0.4144
2023-09-15,20156.44921875,20222.44921875,20129.69921875,20192.349609375,438200,0.1781,0.3513,0.4082
2023-09-18,20155.94921875,20195.349609375,20115.69921875,20133.30078125,264900,-0.1124,0.3592,0.4056
2023-09-20,19980.75,20050.650390625,19878.849609375,19901.400390625,378100,-0.3971,0.3973,0.4115
2023-09-21,19840.55078125,19848.75,19709.94921875,19742.349609375,275100,-0.495,0.4374,0.4179
2023-09-22,19744.849609375,19798.650390625,19657.5,19674.25,246400,-0.3576,0.3911,0.4182
2023-09-25,19678.19921875,19734.150390625,19601.55078125,19674.55078125,188400,-0.0185,0.3775,0.415
2023-09-26,19682.80078125,19699.349609375,19637.44921875,19664.69921875,204900,-0.092,0.3063,0.399
2023-09-27,19637.05078125,19730.69921875,19554.0,19716.44921875,203600,0.4043,0.314,0.4033
2023-09-28,19761.80078125,19766.650390625,19492.099609375,19523.55078125,352800,-1.2056,0.4376,0.4468
2023-09-29,19581.19921875,19726.25,19551.05078125,19638.30078125,243500,0.2916,0.4667,0.4458
2023-10-03,19622.400390625,19623.19921875,19479.650390625,19528.75,221700,-0.4773,0.4567,0.4523
2023-10-04,19446.30078125,19457.80078125,19333.599609375,19436.099609375,277100,-0.0525,0.459,0.4447
2023-10-05,19521.849609375,19576.94921875,19487.30078125,19545.75,234900,0.1224,0.4685,0.4461
2023-10-06,19621.19921875,19675.75,19589.400390625,19653.5,159100,0.1646,0.4669,0.4479
2023-10-09,19539.44921875,19588.94921875,19480.5,19512.349609375,165100,-0.1387,0.4597,0.4285
2023-10-10,19565.599609375,19717.80078125,19565.44921875,19689.849609375,216600,0.635,0.5157,0.4452
2023-10-11,19767.0,19839.19921875,19756.94921875,19811.349609375,213700,0.2244,0.5215,0.4473
2023-10-12,19822.69921875,19843.30078125,19772.650390625,19794.0,217900,-0.1448,0.5023,0.447
2023-10-13,19654.55078125,19805.400390625,19635.30078125,19751.05078125,255000,0.491,0.328,0.4483
2023-10-16,19737.25,19781.30078125,19691.849609375,19731.75,181000,-0.0279,0.324,0.4314
2023-10-17,19843.19921875,19849.75,19775.650390625,19811.5,185800,-0.1597,0.2753,0.3995
2023-10-18,19820.44921875,19840.94921875,19659.94921875,19671.099609375,198900,-0.7535,0.3879,0.4228
2023-10-19,19545.19921875,19681.80078125,19512.349609375,19624.69921875,230300,0.4067,0.4045,0.4298
2023-10-20,19542.150390625,19593.80078125,19518.69921875,19542.650390625,198300,0.0026,0.4036,0.4287
2023-10-23,19521.599609375,19556.849609375,19257.849609375,19281.75,176000,-1.2286,0.5729,0.464
2023-10-25,19286.44921875,19347.30078125,19074.150390625,19122.150390625,225300,-0.8519,0.5667,0.4811
2023-10-26,19027.25,19041.69921875,18837.849609375,18857.25,300400,-0.8935,0.5828,0.4856
2023-10-27,18928.75,19076.150390625,18926.650390625,19047.25,205200,0.626,0.6545,0.4992
2023-10-30,19053.400390625,19158.5,18940.0,19140.900390625,180100,0.4592,0.6506,0.5014
2023-10-31,19232.94921875,19233.69921875,19056.44921875,19079.599609375,206000,-0.7973,0.6678,0.5165
2023-11-01,19064.05078125,19096.05078125,18973.69921875,18989.150390625,194100,-0.3929,0.6656,0.5149
2023-11-02,19120.0,19175.25,19064.150390625,19133.25,245600,0.0693,0.66,0.5166
2023-11-03,19241.0,19276.25,19210.900390625,19230.599609375,189500,-0.0541,0.6233,0.5148
2023-11-06,19345.849609375,19423.0,19309.69921875,19411.75,180700,0.3406,0.6505,0.5176
2023-11-07,19404.05078125,19423.5,19329.099609375,19406.69921875,198700,0.0136,0.5599,0.516
2023-11-08,19449.599609375,19464.400390625,19401.5,19443.5,195000,-0.0314,0.5025,0.5159
2023-11-09,19457.400390625,19463.900390625,19378.349609375,19395.30078125,208400,-0.3192,0.4241,0.5174
2023-11-10,19351.849609375,19451.30078125,19329.44921875,19425.349609375,152200,0.3798,0.3889,0.5166
2023-11-13,19486.75,19494.400390625,19414.75,19443.55078125,189300,-0.2217,0.3508,0.4741
2023-11-15,19651.400390625,19693.19921875,19579.650390625,19675.44921875,291500,0.1224,0.2557,0.4706
2023-11-16,19674.69921875,19875.25,19627.0,19765.19921875,282700,0.46,0.2558,0.4746
2023-11-17,19674.75,19806.0,19667.44921875,19731.80078125,236800,0.29,0.2646,0.4787
2023-11-20,19731.150390625,19756.44921875,19670.5,19694.0,173800,-0.1883,0.2763,0.4784
2023-11-21,19770.900390625,19829.099609375,19754.05078125,19783.400390625,195000,0.0632,0.2613,0.4772
2023-11-22,19784.0,19825.55078125,19703.849609375,19811.849609375,184500,0.1408,0.262,0.4782
2023-11-23,19828.44921875,19875.150390625,19786.75,19802.0,170000,-0.1334,0.2683,0.4608
2023-11-24,19809.599609375,19832.849609375,19768.849609375,19794.69921875,145900,-0.0752,0.2396,0.4574
2023-11-28,19844.650390625,19916.849609375,19800.0,19889.69921875,229600,0.227,0.2229,0.4607
2023-11-29,19976.55078125,20104.650390625,19956.30078125,20096.599609375,236200,0.6009,0.2536,0.4657
2023-11-30,20108.5,20158.69921875,20015.849609375,20133.150390625,486600,0.1226,0.2536,0.4669
2023-12-01,20194.099609375,20291.55078125,20183.69921875,20267.900390625,265800,0.3655,0.2423,0.4728
2023-12-04,20601.94921875,20702.650390625,20507.75,20686.80078125,381100,0.4119,0.2534,0.46
2023-12-05,20808.900390625,20864.05078125,20711.150390625,20855.099609375,421000,0.222,0.2234,0.4555
2023-12-06,20950.75,20961.94921875,20852.150390625,20937.69921875,359200,-0.0623,0.2348,0.4556
2023-12-07,20932.400390625,20941.25,20850.80078125,20901.150390625,275000,-0.1493,0.2573,0.3947
2023-12-08,20934.099609375,21006.099609375,20862.69921875,20969.400390625,292400,0.1686,0.2369,0.3589
2023-12-11,20965.30078125,21026.099609375,20923.69921875,20997.099609375,212900,0.1517,0.2196,0.3108
2023-12-12,21018.55078125,21037.900390625,20867.150390625,20906.400390625,244900,-0.5336,0.3202,0.3144
2023-12-13,20929.75,20950.0,20769.5,20926.349609375,260300,-0.0162,0.2756,0.3052
2023-12-14,21110.400390625,21210.900390625,21074.44921875,21182.69921875,334400,0.3425,0.2889,0.2658
2023-12-15,21287.44921875,21492.30078125,21235.30078125,21456.650390625,508800,0.7948,0.358,0.2814
2023-12-18,21434.80078125,21482.80078125,21365.349609375,21418.650390625,249700,-0.0753,0.3489,0.2835
2023-12-19,21477.650390625,21505.05078125,21337.75,21453.099609375,249800,-0.1143,0.3503,0.2849
2023-12-20,21543.5,21593.0,21087.349609375,21150.150390625,363900,-1.8258,0.6914,0.4507
2023-12-21,21033.94921875,21288.349609375,20976.80078125,21255.05078125,277500,1.0512,0.7847,0.4871
2023-12-22,21295.849609375,21390.5,21232.44921875,21349.400390625,284700,0.2515,0.7872,0.4878
2023-12-26,21365.19921875,21477.150390625,21329.44921875,21441.349609375,219500,0.3564,0.7942,0.4842
2023-12-27,21497.650390625,21675.75,21495.80078125,21654.75,256500,0.7308,0.7963,0.4952
2023-12-28,21715.0,21801.44921875,21678.0,21778.69921875,393100,0.2933,0.7952,0.4921
2023-12-29,21737.650390625,21770.30078125,21676.900390625,21731.400390625,270900,-0.0288,0.7954,0.4929
2024-01-01,21727.75,21834.349609375,21680.849609375,21741.900390625,154000,0.0651,0.7618,0.489
2024-01-02,21751.349609375,21755.599609375,21555.650390625,21665.80078125,263700,-0.3933,0.7751,0.4964
2024-01-03,21661.099609375,21677.0,21500.349609375,21517.349609375,311900,-0.6636,0.806,0.513
2024-01-04,21605.80078125,21685.650390625,21564.55078125,21658.599609375,339200,0.2444,0.4957,0.5139
2024-01-05,21705.75,21749.599609375,21629.19921875,21710.80078125,309300,0.0233,0.3935,0.5139
2024-01-08,21747.599609375,21763.94921875,21492.900390625,21513.0,231500,-1.0787,0.5324,0.5547
2024-01-09,21653.599609375,21724.44921875,21517.849609375,21544.849609375,228600,-0.5022,0.5296,0.5634
2024-01-10,21529.30078125,21641.849609375,21448.650390625,21618.69921875,217000,0.4152,0.4796,0.5666
2024-01-11,21688.0,21726.5,21593.75,21647.19921875,212500,-0.1881,0.4522,0.5579
2024-01-12,21773.55078125,21928.25,21715.150390625,21894.55078125,294700,0.5557,0.5121,0.5664
2024-01-15,22053.150390625,22115.55078125,21963.55078125,22097.44921875,345500,0.2009,0.5202,0.5638
2024-01-16,22080.5,22124.150390625,21969.80078125,22032.30078125,292400,-0.2183,0.5136,0.5605
2024-01-17,21647.25,21851.5,21550.44921875,21571.94921875,456000,-0.3479,0.4855,0.5624
2024-01-18,21414.19921875,21539.400390625,21285.55078125,21462.25,387300,0.2244,0.484,0.564
2024-01-19,21615.19921875,21670.599609375,21575.0,21622.400390625,343100,0.0333,0.4843,0.5634
2024-01-23,21716.69921875,21750.25,21192.599609375,21238.80078125,449700,-2.2006,0.7789,0.6903
2024-01-24,21185.25,21482.349609375,21137.19921875,21453.94921875,407500,1.2683,0.8958,0.7322
2024-01-25,21454.599609375,21459.0,21247.05078125,21352.599609375,418100,-0.4754,0.8913,0.7309
2024-01-29,21433.099609375,21763.25,21429.599609375,21737.599609375,376700,1.4207,1.0134,0.7783
2024-01-30,21775.75,21813.05078125,21501.80078125,21522.099609375,375100,-1.1648,1.0622,0.804
2024-01-31,21487.25,21741.349609375,21448.849609375,21725.69921875,410600,1.1097,1.13,0.8173
2024-02-01,21780.650390625,21832.94921875,21658.75,21697.44921875,332500,-0.382,1.1341,0.8197
2024-02-02,21812.75,22126.80078125,21805.55078125,21853.80078125,442800,0.1882,1.1312,0.8207
2024-02-05,21921.05078125,21964.30078125,21726.94921875,21771.69921875,440800,-0.6813,1.1476,0.7588
2024-02-06,21825.19921875,21951.400390625,21737.55078125,21929.400390625,371000,0.4774,1.1613,0.7384
2024-02-07,22045.05078125,22053.30078125,21860.150390625,21930.5,346300,-0.5196,0.9086,0.7422
2024-02-08,22009.650390625,22011.05078125,21665.30078125,21717.94921875,491100,-1.3253,0.9159,0.774
2024-02-09,21727.0,21804.44921875,21629.900390625,21782.5,349200,0.2554,0.9149,0.7612
2024-02-12,21800.80078125,21831.69921875,21574.75,21616.05078125,287400,-0.8474,0.7772,0.7687
2024-02-13,21664.30078125,21766.80078125,21543.349609375,21743.25,365800,0.3644,0.735,0.7742
2024-02-14,21578.150390625,21870.849609375,21530.19921875,21840.05078125,359100,1.2137,0.7551,0.812
2024-02-15,21906.55078125,21953.849609375,21794.80078125,21910.75,345400,0.0192,0.7506,0.8104
2024-02-16,22020.30078125,22068.650390625,21968.94921875,22040.69921875,343900,0.0926,0.7473,0.8035
2024-02-19,22103.44921875,22186.650390625,22021.05078125,22122.25,0,0.0851,0.7193,0.802
2024-02-20,22099.19921875,22215.599609375,22045.849609375,22196.94921875,295700,0.4423,0.7167,0.8072
2024-02-21,22248.849609375,22249.400390625,21997.94921875,22055.05078125,364500,-0.8711,0.7516,0.7989
2024-02-22,22081.55078125,22252.5,21875.25,22217.44921875,343500,0.6154,0.6281,0.803
2024-02-23,22290.0,22297.5,22186.099609375,22212.69921875,226000,-0.3468,0.6442,0.8012
2024-02-26,22169.19921875,22202.150390625,22075.150390625,22122.05078125,207800,-0.2127,0.57,0.8013
2024-02-27,22090.19921875,22218.25,22085.650390625,22198.349609375,252200,0.4896,0.5768,0.7997
2024-02-28,22214.099609375,22229.150390625,21915.849609375,21951.150390625,203000,-1.1837,0.585,0.8251
2024-02-29,21935.19921875,22060.55078125,21860.650390625,21982.80078125,360200,0.217,0.5923,0.8265
2024-03-01,22048.30078125,22353.30078125,22047.75,22338.75,351500,1.3173,0.7378,0.8622
2024-03-04,22403.5,22440.900390625,22358.30078125,22405.599609375,298800,0.0094,0.7378,0.861
2024-03-05,22371.25,22416.900390625,22269.150390625,22356.30078125,296200,-0.0668,0.725,0.861
2024-03-06,22327.5,22497.19921875,22224.349609375,22474.05078125,312300,0.6564,0.6814,0.7645
2024-03-07,22505.30078125,22525.650390625,22430.0,22493.55078125,379900,-0.0522,0.6632,0.7305
2024-03-11,22517.5,22526.599609375,22307.25,22332.650390625,277900,-0.8209,0.7124,0.7413
2024-03-12,22334.44921875,22452.55078125,22256.0,22335.69921875,299200,0.0056,0.7073,0.6923
2024-03-13,22432.19921875,22446.75,21905.650390625,21997.69921875,493300,-1.9369,0.9251,0.748
2024-03-14,21982.55078125,22204.599609375,21917.5,22146.650390625,426700,0.7465,0.8946,0.7313
2024-03-15,22064.849609375,22120.900390625,21931.69921875,22023.349609375,661500,-0.1881,0.8932,0.7293
2024-03-18,21990.099609375,22123.69921875,21916.55078125,22055.69921875,356300,0.2983,0.772,0.7308
2024-03-19,21946.44921875,21978.30078125,21793.099609375,21817.44921875,344200,-0.5878,0.7826,0.7283
2024-03-20,21843.900390625,21930.900390625,21710.19921875,21839.099609375,312400,-0.022,0.7835,0.7214
2024-03-21,21989.900390625,22080.94921875,21941.30078125,22011.94921875,353200,0.1003,0.735,0.717
2024-03-22,21932.19921875,22180.69921875,21883.30078125,22096.75,388700,0.7503,0.7995,0.6894
2024-03-26,21947.900390625,22073.19921875,21947.55078125,22004.69921875,328400,0.2588,0.7736,0.6894
2024-03-27,22053.94921875,22193.599609375,22052.849609375,22123.650390625,409100,0.316,0.7826,0.6715
2024-03-28,22163.599609375,22516.0,22163.599609375,22326.900390625,410500,0.7368,0.4384,0.6808
2024-04-01,22455.0,22529.94921875,22427.75,22462.0,0,0.0312,0.4038,0.6456
2024-04-02,22458.80078125,22497.599609375,22388.150390625,22453.30078125,289500,-0.0245,0.3908,0.6456
2024-04-03,22385.69921875,22521.099609375,22346.5,22434.650390625,309600,0.2187,0.389,0.6465
2024-04-04,22592.099609375,22619.0,22303.80078125,22514.650390625,401000,-0.3428,0.3401,0.65
2024-04-05,22486.400390625,22537.599609375,22427.599609375,22513.69921875,242200,0.1214,0.3325,0.6454
2024-04-08,22578.349609375,22697.30078125,22550.349609375,22666.30078125,227600,0.3895,0.3339,0.627
2024-04-09,22765.099609375,22768.400390625,22612.25,22642.75,232400,-0.5374,0.3645,0.6265
2024-04-10,22720.25,22775.69921875,22673.69921875,22753.80078125,276800,0.1477,0.3613,0.6232
2024-04-12,22677.400390625,22726.44921875,22503.75,22519.400390625,357200,-0.6967,0.431,0.6358
2024-04-15,22339.05078125,22427.44921875,22259.55078125,22272.5,355500,-0.2979,0.3528,0.6316
2024-04-16,22125.30078125,22213.75,22079.44921875,22147.900390625,317300,0.1021,0.3564,0.5919
2024-04-18,22212.349609375,22326.5,21961.69921875,21995.849609375,456900,-0.9747,0.4506,0.6182
2024-04-19,21861.5,22179.55078125,21777.650390625,22147.0,362500,1.3059,0.6475,0.6174
2024-04-22,22336.900390625,22375.650390625,22198.150390625,22336.400390625,279300,-0.0022,0.641,0.6174
2024-04-23,22447.05078125,22447.55078125,22349.44921875,22368.0,231500,-0.3522,0.6448,0.6204
2024-04-24,22421.55078125,22476.44921875,22384.0,22402.400390625,235900,-0.0854,0.6226,0.6071
2024-04-25,22316.900390625,22625.94921875,22305.25,22570.349609375,475000,1.1357,0.7207,0.6443
2024-04-26,22620.400390625,22620.400390625,22385.55078125,22419.94921875,329900,-0.8862,0.7739,0.6473
2024-04-29,22475.55078125,22655.80078125,22441.900390625,22643.400390625,292000,0.7468,0.7797,0.6618
2024-04-30,22679.650390625,22783.349609375,22568.400390625,22604.849609375,361900,-0.3298,0.7814,0.5547
2024-05-02,22567.849609375,22710.5,22567.849609375,22648.19921875,445900,0.356,0.7868,0.5427
2024-05-03,22766.349609375,22794.69921875,22348.05078125,22475.849609375,438100,-1.276,0.8364,0.5936
2024-05-06,22561.599609375,22588.80078125,22409.44921875,22442.69921875,320300,-0.527,0.727,0.5993
2024-05-07,22489.75,22499.05078125,22232.05078125,22302.5,297800,-0.8326,0.7585,0.6091
2024-05-08,22231.19921875,22368.650390625,22185.19921875,22302.5,277400,0.3207,0.7737,0.6122
2024-05-09,22224.80078125,22307.75,21932.400390625,21957.5,331300,-1.2027,0.8429,0.6496
2024-05-10,21990.94921875,22131.30078125,21950.30078125,22055.19921875,265800,0.2922,0.7225,0.6354
2024-05-13,22027.94921875,22131.650390625,21821.05078125,22104.05078125,278200,0.3455,0.7228,0.6371
2024-05-14,22112.900390625,22270.05078125,22081.25,22217.849609375,230200,0.4746,0.687,0.641
2024-05-15,22255.599609375,22297.55078125,22151.75,22200.55078125,231900,-0.2473,0.6863,0.624
2024-05-16,22319.19921875,22432.25,22054.55078125,22403.849609375,368900,0.3793,0.6885,0.6295
2024-05-17,22415.25,22502.150390625,22345.650390625,22466.099609375,242700,0.2269,0.5914,0.6319
2024-05-21,22404.55078125,22591.099609375,22404.55078125,22529.05078125,347600,0.5557,0.5989,0.6401
2024-05-22,22576.599609375,22629.5,22483.150390625,22597.80078125,290300,0.0939,0.5164,0.6383
2024-05-23,22614.099609375,22993.599609375,22577.44921875,22967.650390625,369800,1.5634,0.6895,0.7022
2024-05-24,22930.75,23026.400390625,22908.0,22957.099609375,261900,0.1149,0.4735,0.6988
2024-05-27,23038.94921875,23110.80078125,22871.19921875,22932.44921875,260000,-0.4623,0.5439,0.6969
2024-05-28,22977.150390625,22998.55078125,22858.5,22888.150390625,217900,-0.3873,0.5856,0.6998
2024-05-29,22762.75,22825.5,22685.44921875,22704.69921875,269900,-0.255,0.5972,0.6896
2024-05-30,22617.44921875,22705.75,22417.0,22488.650390625,373400,-0.5695,0.6293,0.6954
2024-05-31,22568.099609375,22653.75,22465.099609375,22530.69921875,572100,-0.1657,0.6286,0.6956
2024-06-03,23337.900390625,23338.69921875,23062.30078125,23263.900390625,569400,-0.3171,0.6371,0.6746
2024-06-04,23179.5,23179.5,21281.44921875,21884.5,1006100,-5.5868,1.8557,1.1908
2024-06-05,22128.349609375,22670.400390625,21791.94921875,22620.349609375,638500,2.2234,2.0553,1.272
2024-06-06,22798.599609375,22910.150390625,22642.599609375,22821.400390625,480400,0.1,1.9507,1.2723
2024-06-07,22821.849609375,23320.19921875,22789.05078125,23290.150390625,473600,2.052,2.1114,1.3338
2024-06-10,23319.150390625,23411.900390625,23227.150390625,23259.19921875,304400,-0.2571,2.1111,1.3146
2024-06-11,23283.75,23389.44921875,23206.650390625,23264.849609375,305200,-0.0812,2.1121,1.3065
2024-06-12,23344.44921875,23441.94921875,23295.94921875,23322.94921875,295600,-0.0921,2.113,1.2969
2024-06-13,23480.94921875,23481.05078125,23353.900390625,23398.900390625,268300,-0.3494,2.1107,1.297
2024-06-14,23464.94921875,23490.400390625,23334.25,23465.599609375,223100,0.0028,2.1121,1.2942
2024-06-18,23570.80078125,23579.05078125,23499.69921875,23557.900390625,272200,-0.0547,2.1125,1.2759
2024-06-19,23629.849609375,23664.0,23412.900390625,23516.0,328800,-0.4818,0.9812,1.2754
2024-06-20,23586.150390625,23624.0,23442.599609375,23567.0,280300,-0.0812,0.7156,1.2676
2024-06-21,23661.150390625,23667.099609375,23398.19921875,23501.099609375,609900,-0.6764,0.7537,1.2703
2024-06-24,23382.30078125,23558.099609375,23350.0,23537.849609375,239400,0.6652,0.357,1.2599
2024-06-25,23577.099609375,23754.150390625,23562.05078125,23721.30078125,298100,0.6116,0.4248,1.2641
2024-06-26,23723.099609375,23889.900390625,23670.44921875,23868.80078125,287800,0.6142,0.4739,1.2677
2024-06-27,23881.55078125,24087.44921875,23805.400390625,24044.5,515200,0.6823,0.5157,1.271
2024-06-28,24085.900390625,24174.0,23985.80078125,24010.599609375,354800,-0.3126,0.5123,1.2715
2024-07-01,23992.94921875,24164.0,23992.69921875,24141.94921875,0,0.621,0.5364,1.2748
2024-07-02,24228.75,24236.349609375,24056.400390625,24123.849609375,0,-0.433,0.5657,1.2765
2024-07-03,24291.75,24309.150390625,24207.099609375,24286.5,0,-0.0216,0.5287,1.2718
2024-07-04,24369.94921875,24401.0,24281.0,24302.150390625,251200,-0.2782,0.5425,1.2722
2024-07-05,24213.349609375,24363.0,24168.849609375,24323.849609375,298400,0.4564,0.464,1.2393
2024-07-08,24329.44921875,24344.599609375,24240.55078125,24320.55078125,266300,-0.0366,0.4488,1.2388
2024-07-09,24351.0,24443.599609375,24331.900390625,24433.19921875,250500,0.3376,0.4281,1.2392
2024-07-10,24459.849609375,24461.05078125,24141.80078125,24324.44921875,292300,-0.5536,0.4501,1.2411
2024-07-11,24396.55078125,24402.650390625,24193.75,24315.94921875,306400,-0.3304,0.4024,1.2415
2024-07-12,24387.94921875,24592.19921875,24331.150390625,24502.150390625,325800,0.4683,0.4222,1.2418
2024-07-15,24587.599609375,24635.05078125,24522.75,24586.69921875,305400,-0.0037,0.3664,1.2416
2024-07-16,24615.900390625,24661.25,24587.650390625,24613.0,283200,-0.0118,0.3394,1.2405
2024-07-18,24543.80078125,24837.75,24504.44921875,24800.849609375,350900,1.0473,0.4729,0.6797
2024-07-19,24853.80078125,24854.80078125,24508.150390625,24530.900390625,343800,-1.2992,0.6449,0.6186
2024-07-22,24445.75,24595.19921875,24362.30078125,24509.25,324200,0.2598,0.6326,0.6195
2024-07-23,24568.900390625,24582.55078125,24074.19921875,24479.05078125,436400,-0.3657,0.6425,0.5002
2024-07-24,24444.94921875,24504.25,24307.25,24413.5,366600,-0.1287,0.6284,0.4984
2024-07-25,24230.94921875,24426.150390625,24210.80078125,24406.099609375,391800,0.7228,0.6533,0.5149
2024-07-26,24423.349609375,24861.150390625,24410.900390625,24834.849609375,383800,1.6849,0.8178,0.5959
2024-07-29,24943.30078125,24999.75,24774.599609375,24836.099609375,355000,-0.4298,0.8387,0.5982
2024-07-30,24839.400390625,24971.75,24798.650390625,24857.30078125,385000,0.0721,0.8375,0.5979
2024-07-31,24886.69921875,24984.599609375,24856.5,24951.150390625,333600,0.259,0.8359,0.598
2024-08-01,25030.94921875,25078.30078125,24956.400390625,25010.900390625,431300,-0.0801,0.7805,0.589
2024-08-02,24789.0,24851.900390625,24686.849609375,24717.69921875,345000,-0.2876,0.6354,0.5925
2024-08-05,24302.849609375,24350.05078125,23893.69921875,24055.599609375,487000,-1.0174,0.7359,0.6111
2024-08-06,24189.849609375,24382.599609375,23960.400390625,23992.55078125,312300,-0.8156,0.7763,0.6233
2024-08-07,24289.400390625,24337.69921875,24184.900390625,24297.5,317600,0.0333,0.7751,0.6141
2024-08-08,24248.55078125,24340.5,24079.69921875,24117.0,311900,-0.5425,0.7494,0.6124
2024-08-09,24386.849609375,24419.75,24311.19921875,24367.5,215100,-0.0793,0.4102,0.5983
2024-08-12,24320.05078125,24472.80078125,24212.099609375,24347.0,279900,0.1108,0.4249,0.5966
2024-08-13,24342.349609375,24359.94921875,24116.5,24139.0,239700,-0.8354,0.4483,0.6017
2024-08-14,24184.400390625,24196.5,24099.69921875,24143.75,303300,-0.1681,0.4047,0.5981
2024-08-16,24334.849609375,24563.900390625,24204.5,24541.150390625,271600,0.8478,0.5561,0.6207
2024-08-19,24636.349609375,24638.80078125,24522.94921875,24572.650390625,243600,-0.2586,0.5561,0.6205
2024-08-20,24648.900390625,24734.30078125,24607.19921875,24698.849609375,238300,0.2026,0.5061,0.6153
2024-08-21,24680.55078125,24787.94921875,24654.5,24770.19921875,257100,0.3632,0.47,0.6197
2024-08-22,24863.400390625,24867.349609375,24784.44921875,24811.5,220300,-0.2087,0.4725,0.6167
2024-08-23,24845.400390625,24858.400390625,24771.650390625,24823.150390625,206800,-0.0896,0.4414,0.6092
2024-08-26,24906.099609375,25043.80078125,24874.69921875,25010.599609375,210300,0.4196,0.4607,0.6118
2024-08-27,25024.80078125,25073.099609375,24973.650390625,25017.75,223300,-0.0282,0.4603,0.6053
2024-08-28,25030.80078125,25129.599609375,24964.650390625,25052.349609375,220400,0.0861,0.3475,0.6056
2024-08-29,25035.30078125,25192.900390625,24998.5,25151.94921875,354000,0.4659,0.3476,0.612
2024-08-30,25249.69921875,25268.349609375,25199.400390625,25235.900390625,638200,-0.0546,0.2614,0.579
2024-09-02,25333.599609375,25333.650390625,25235.5,25278.69921875,222800,-0.2167,0.2555,0.5294
2024-09-03,25313.400390625,25321.69921875,25235.80078125,25279.849609375,212100,-0.1325,0.2616,0.5275
2024-09-04,25089.94921875,25216.0,25083.80078125,25198.69921875,253800,0.4334,0.2714,0.5294
2024-09-05,25250.5,25275.44921875,25127.75,25145.099609375,222200,-0.4174,0.3013,0.5346
2024-09-06,25093.69921875,25168.75,24801.30078125,24852.150390625,311700,-0.9626,0.4398,0.5447
2024-09-09,24823.400390625,24957.5,24753.150390625,24936.400390625,254400,0.4552,0.4441,0.4467
2024-09-10,24999.400390625,25130.5,24896.80078125,25041.099609375,251300,0.1668,0.4488,0.4446
2024-09-11,25034.0,25113.69921875,24885.150390625,24918.44921875,279200,-0.4616,0.4677,0.4491
2024-09-12,25059.650390625,25433.349609375,24941.44921875,25388.900390625,380100,1.3139,0.6262,0.5142
2024-09-13,25430.44921875,25430.5,25292.44921875,25356.5,250800,-0.2908,0.6334,0.516
2024-09-16,25406.650390625,25445.69921875,25336.19921875,25383.75,168700,-0.0901,0.6301,0.5143
2024-09-17,25416.900390625,25441.650390625,25352.25,25418.55078125,216000,0.0065,0.6284,0.4814
2024-09-18,25402.400390625,25482.19921875,25285.55078125,25377.55078125,215700,-0.0978,0.6113,0.4581
2024-09-19,25487.05078125,25611.94921875,25376.05078125,25415.80078125,314500,-0.2796,0.6033,0.4608
2024-09-20,25525.94921875,25849.25,25426.599609375,25790.94921875,533100,1.0382,0.589,0.4876
2024-09-23,25872.55078125,25956.0,25847.349609375,25939.05078125,209200,0.257,0.5819,0.4886
2024-09-24,25921.44921875,26011.55078125,25886.849609375,25940.400390625,384100,0.0731,0.5825,0.4885
2024-09-25,25899.44921875,26032.80078125,25871.349609375,26004.150390625,278500,0.4043,0.5451,0.4626
2024-09-26,26005.400390625,26250.900390625,25998.400390625,26216.05078125,370900,0.81,0.449,0.4778
2024-09-27,26248.25,26277.349609375,26151.400390625,26178.94921875,490300,-0.264,0.4459,0.4627
2024-09-30,26061.30078125,26134.69921875,25794.099609375,25810.849609375,343100,-0.961,0.5728,0.4974
2024-10-01,25788.44921875,25907.599609375,25739.19921875,25796.900390625,247400,0.0328,0.5723,0.4967
2024-10-03,25452.849609375,25639.44921875,25230.30078125,25250.099609375,423400,-0.7966,0.6382,0.5169
2024-10-04,25181.900390625,25485.05078125,24966.80078125,25014.599609375,374900,-0.6644,0.6699,0.5304
2024-10-07,25084.099609375,25143.0,24694.349609375,24795.75,374300,-1.1495,0.6474,0.5707
2024-10-08,24832.19921875,25044.0,24756.80078125,25013.150390625,333200,0.7287,0.7015,0.5818
2024-10-09,25065.80078125,25234.05078125,24947.69921875,24981.94921875,290600,-0.3345,0.697,0.5846
2024-10-10,25067.05078125,25134.05078125,24979.400390625,24998.44921875,261400,-0.2737,0.6617,0.5858
2024-10-11,24985.30078125,25028.650390625,24920.05078125,24964.25,210500,-0.0843,0.5475,0.578
2024-10-14,25023.44921875,25159.75,25017.5,25127.94921875,206400,0.4176,0.6027,0.5845
2024-10-15,25186.30078125,25212.05078125,25008.150390625,25057.349609375,257200,-0.512,0.5642,0.59
2024-10-16,25008.55078125,25093.400390625,24908.44921875,24971.30078125,226800,-0.1489,0.5565,0.5901
2024-10-17,25027.400390625,25029.5,24728.900390625,24749.849609375,252800,-1.109,0.596,0.6128
2024-10-18,24664.94921875,24886.19921875,24567.650390625,24854.05078125,290900,0.7667,0.6695,0.63
2024-10-21,24956.150390625,24978.30078125,24679.599609375,24781.099609375,242000,-0.7014,0.6089,0.6189
2024-10-22,24798.650390625,24882.0,24445.80078125,24472.099609375,279500,-1.3168,0.6333,0.6518
2024-10-23,24378.150390625,24604.25,24378.099609375,24435.5,284600,0.2353,0.658,0.653
2024-10-24,24412.69921875,24480.650390625,24341.19921875,24399.400390625,216700,-0.0545,0.6616,0.6498
2024-10-25,24418.05078125,24440.25,24073.900390625,24180.80078125,372600,-0.9716,0.6954,0.6109
2024-10-28,24251.099609375,24492.599609375,24134.900390625,24339.150390625,278600,0.3631,0.689,0.6184
2024-10-29,24328.849609375,24484.5,24140.849609375,24466.849609375,332000,0.5672,0.7424,0.6323
2024-10-30,24371.44921875,24498.19921875,24307.30078125,24340.849609375,285200,-0.1256,0.7427,0.6317
2024-10-31,24349.849609375,24372.44921875,24172.599609375,24205.349609375,287000,-0.5934,0.6914,0.6371
2024-11-01,24302.75,24368.25,24280.19921875,24304.349609375,38800,0.0066,0.6127,0.6373
2024-11-04,24315.75,24316.75,23816.150390625,23995.349609375,285500,-1.3177,0.6884,0.6315
2024-11-05,23916.5,24229.05078125,23842.75,24213.30078125,289500,1.241,0.7497,0.681
2024-11-06,24308.75,24537.599609375,24204.05078125,24484.05078125,351100,0.7211,0.7861,0.6997
2024-11-07,24489.599609375,24503.349609375,24179.05078125,24199.349609375,322200,-1.1852,0.8692,0.7148
2024-11-08,24207.69921875,24276.150390625,24066.650390625,24148.19921875,298700,-0.2458,0.8199,0.6876
2024-11-11,24087.25,24336.80078125,24004.599609375,24141.30078125,273400,0.2244,0.8132,0.6932
2024-11-12,24225.80078125,24242.0,23839.150390625,23883.44921875,255800,-1.4132,0.879,0.714
2024-11-13,23822.44921875,23873.599609375,23509.599609375,23559.05078125,304600,-1.1057,0.9152,0.7282
2024-11-14,23542.150390625,23675.900390625,23484.150390625,23532.69921875,257700,-0.0401,0.9167,0.7233
2024-11-18,23605.30078125,23606.80078125,23350.400390625,23453.80078125,263300,-0.6418,0.9146,0.7229
2024-11-19,23529.55078125,23780.650390625,23464.80078125,23518.5,297500,-0.047,0.8557,0.7044
2024-11-21,23488.44921875,23507.30078125,23263.150390625,23349.900390625,420300,-0.5899,0.679,0.6832
2024-11-22,23411.80078125,23956.099609375,23359.0,23907.25,367600,2.1162,1.0066,0.8106
2024-11-25,24253.55078125,24351.55078125,24135.44921875,24221.900390625,687200,-0.1305,0.9568,0.8105
2024-11-26,24343.30078125,24343.30078125,24125.400390625,24194.5,230700,-0.6113,0.9662,0.8139
2024-11-27,24204.80078125,24354.55078125,24145.650390625,24274.900390625,295000,0.2896,0.9698,0.8108
2024-11-28,24274.150390625,24345.75,23873.349609375,23914.150390625,366700,-1.4831,0.9795,0.842
2024-11-29,23927.150390625,24188.44921875,23927.150390625,24131.099609375,282100,0.8524,0.9795,0.8654
2024-12-02,24140.849609375,24301.69921875,24008.650390625,24276.05078125,220400,0.5601,0.9969,0.8592
2024-12-03,24367.5,24481.349609375,24280.0,24457.150390625,339500,0.3679,0.972,0.8475
2024-12-04,24488.75,24573.19921875,24366.30078125,24467.44921875,348000,-0.087,0.9729,0.8416
2024-12-05,24539.150390625,24857.75,24295.55078125,24708.400390625,361500,0.6897,0.9518,0.825
2024-12-06,24729.44921875,24751.05078125,24620.5,24677.80078125,226700,-0.2089,0.6969,0.8231
2024-12-09,24633.900390625,24705.0,24580.05078125,24619.0,248100,-0.0605,0.6955,0.8231
2024-12-10,24652.650390625,24677.80078125,24510.650390625,24610.05078125,261000,-0.1728,0.6636,0.8065
2024-12-11,24620.5,24691.75,24583.849609375,24641.80078125,187300,0.0865,0.6594,0.803
2024-12-12,24604.44921875,24675.25,24527.94921875,24548.69921875,266100,-0.2266,0.4042,0.794
2024-12-13,24498.349609375,24792.30078125,24180.80078125,24768.30078125,310100,1.1019,0.4549,0.824
2024-12-16,24753.400390625,24781.25,24601.75,24668.25,187600,-0.344,0.4662,0.8197
2024-12-17,24584.80078125,24624.099609375,24303.44921875,24336.0,264900,-1.012,0.5745,0.8379
2024-12-18,24297.94921875,24394.44921875,24149.849609375,24198.849609375,235300,-0.4079,0.5873,0.8078
2024-12-19,23877.150390625,24004.900390625,23870.30078125,23951.69921875,271100,0.3122,0.5446,0.7734
2024-12-20,23960.69921875,24065.80078125,23537.349609375,23587.5,442700,-1.5575,0.7164,0.8024
2024-12-23,23738.19921875,23869.55078125,23647.19921875,23753.44921875,189800,0.0642,0.7207,0.7797
2024-12-24,23769.099609375,23867.650390625,23685.150390625,23727.650390625,177700,-0.1744,0.7207,0.7794
2024-12-26,23775.80078125,23854.5,23653.599609375,23750.19921875,177700,-0.1077,0.7142,0.7767
2024-12-27,23801.400390625,23938.849609375,23800.599609375,23813.400390625,176800,0.0504,0.7199,0.7385
2024-12-30,23796.900390625,23915.349609375,23599.30078125,23644.900390625,364900,-0.6387,0.5611,0.721
2024-12-31,23560.599609375,23689.849609375,23460.44921875,23644.80078125,193600,0.3574,0.6081,0.7251
2025-01-01,23637.650390625,23822.80078125,23562.80078125,23742.900390625,154900,0.4453,0.5961,0.722
2025-01-02,23783.0,24226.69921875,23751.55078125,24188.650390625,283200,1.7056,0.8296,0.7875
2025-01-03,24196.400390625,24196.44921875,23976.0,24004.75,312300,-0.7921,0.863,0.794
2025-01-06,24045.80078125,24089.94921875,23551.900390625,23616.05078125,278100,-1.7872,0.909,0.7599
2025-01-07,23679.900390625,23795.19921875,23637.80078125,23707.900390625,262300,0.1182,0.9101,0.7608
2025-01-08,23746.650390625,23751.849609375,23496.150390625,23688.94921875,266400,-0.243,0.9112,0.7551
2025-01-09,23674.75,23689.5,23503.05078125,23526.5,269200,-0.6262,0.927,0.7583
2025-01-10,23551.900390625,23596.599609375,23344.349609375,23431.5,261000,-0.5112,0.9311,0.7171
2025-01-13,23195.400390625,23340.94921875,23047.25,23085.94921875,316500,-0.4719,0.9238,0.6986
2025-01-14,23165.900390625,23264.94921875,23134.150390625,23176.05078125,311200,0.0438,0.9087,0.6875
2025-01-15,23250.44921875,23293.650390625,23146.44921875,23213.19921875,228000,-0.1602,0.8797,0.6809
2025-01-16,23377.25,23391.650390625,23272.05078125,23311.80078125,299400,-0.28,0.5435,0.6812
2025-01-17,23277.099609375,23292.099609375,23100.349609375,23203.19921875,272900,-0.3175,0.533,0.6624
2025-01-20,23290.400390625,23391.099609375,23170.650390625,23344.75,301500,0.2334,0.2828,0.667
2025-01-21,23421.650390625,23426.30078125,22976.849609375,23024.650390625,312900,-1.695,0.5214,0.7215
2025-01-22,23099.150390625,23169.55078125,22981.30078125,23155.349609375,276000,0.2433,0.5593,0.7267
2025-01-23,23128.30078125,23270.80078125,23090.650390625,23205.349609375,275600,0.3331,0.5889,0.7316
2025-01-24,23183.900390625,23347.30078125,23050.0,23092.19921875,264300,-0.3955,0.5845,0.7324
2025-01-27,22940.150390625,23007.44921875,22786.900390625,22829.150390625,257400,-0.4839,0.5851,0.6899
2025-01-28,22960.44921875,23137.94921875,22857.650390625,22957.25,361900,-0.0139,0.5821,0.6913
2025-01-29,23026.75,23183.349609375,22976.5,23163.099609375,226300,0.5921,0.6412,0.6931
2025-01-30,23169.5,23322.05078125,23139.19921875,23249.5,361900,0.3453,0.6604,0.6991
2025-01-31,23296.75,23546.80078125,23277.400390625,23508.400390625,304900,0.9085,0.729,0.7217
2025-02-01,23528.599609375,23632.44921875,23318.30078125,23482.150390625,281000,-0.1974,0.7269,0.6719
2025-02-03,23319.349609375,23381.599609375,23222.0,23361.05078125,329700,0.1788,0.4345,0.6733
2025-02-04,23509.900390625,23762.75,23423.150390625,23739.25,376700,0.9755,0.5073,0.7017
2025-02-05,23801.75,23807.30078125,23680.44921875,23696.30078125,267000,-0.443,0.5467,0.705
2025-02-06,23761.94921875,23773.55078125,23556.25,23603.349609375,307000,-0.6675,0.5823,0.7124
2025-02-07,23649.5,23694.5,23443.19921875,23559.94921875,368100,-0.3787,0.571,0.7073
2025-02-10,23543.80078125,23568.599609375,23316.30078125,23381.599609375,234200,-0.6889,0.627,0.7098
2025-02-11,23383.55078125,23390.05078125,22986.650390625,23071.80078125,268000,-1.3332,0.733,0.7336
2025-02-12,23050.80078125,23144.69921875,22798.349609375,23045.25,279700,-0.0241,0.7155,0.6413
2025-02-13,23055.75,23235.5,22992.19921875,23031.400390625,265700,-0.1056,0.6102,0.6336
2025-02-14,23096.44921875,23133.69921875,22774.849609375,22929.25,254500,-0.7239,0.6259,0.5699
2025-02-17,22809.900390625,22974.19921875,22725.44921875,22959.5,207400,0.6559,0.6837,0.5882
2025-02-18,22963.650390625,22992.5,22801.5,22945.30078125,210600,-0.0799,0.5348,0.5883
2025-02-19,22847.25,23049.94921875,22814.849609375,22932.900390625,207000,0.3749,0.5842,0.5899
2025-02-20,22821.099609375,22923.849609375,22812.75,22913.150390625,240800,0.4034,0.6064,0.5934
2025-02-21,22857.19921875,22921.0,22720.30078125,22795.900390625,242800,-0.2682,0.6036,0.5903
2025-02-24,22609.349609375,22668.05078125,22518.80078125,22553.349609375,214300,-0.2477,0.5778,0.5902
2025-02-25,22516.44921875,22625.30078125,22513.900390625,22547.55078125,250300,0.1381,0.3981,0.5918
2025-02-27,22568.94921875,22613.30078125,22508.400390625,22545.05078125,289200,-0.1059,0.3998,0.5909
2025-02-28,22433.400390625,22450.349609375,22104.849609375,22124.69921875,551300,-1.3761,0.5935,0.6347
2025-03-03,22194.55078125,22261.55078125,22004.69921875,22119.30078125,282400,-0.339,0.5618,0.6321
2025-03-04,21974.44921875,22105.05078125,21964.599609375,22082.650390625,253300,0.4924,0.5398,0.5705
2025-03-05,22073.05078125,22394.900390625,22067.80078125,22337.30078125,305900,1.1972,0.6786,0.6138
2025-03-06,22476.349609375,22556.44921875,22245.849609375,22544.69921875,372100,0.3041,0.6749,0.6132
2025-03-07,22508.650390625,22633.80078125,22464.75,22552.5,289800,0.1948,0.6649,0.611
2025-03-10,22521.849609375,22676.75,22429.05078125,22460.30078125,293900,-0.2733,0.6651,0.6067
2025-03-11,22345.94921875,22522.099609375,22314.69921875,22497.900390625,347900,0.68,0.6911,0.6199
2025-03-12,22536.349609375,22577.400390625,22329.55078125,22470.5,369700,-0.2922,0.7012,0.6121
2025-03-13,22541.5,22558.05078125,22377.349609375,22397.19921875,287500,-0.6402,0.7338,0.618
2025-03-17,22353.150390625,22577.0,22353.150390625,22508.75,251100,0.6961,0.5802,0.6077
2025-03-18,22662.25,22857.80078125,22599.19921875,22834.30078125,272600,0.7592,0.5703,0.6253
2025-03-19,22874.94921875,22940.69921875,22807.94921875,22907.599609375,324000,0.1427,0.5687,0.6249
2025-03-20,23036.599609375,23216.69921875,22973.94921875,23190.650390625,313700,0.6687,0.4932,0.6102
2025-03-21,23168.25,23402.69921875,23132.80078125,23350.400390625,541000,0.7862,0.5245,0.6235
2025-03-24,23515.400390625,23708.75,23433.5,23658.349609375,311900,0.6079,0.5339,0.62
2025-03-25,23751.5,23869.599609375,23601.400390625,23668.650390625,338200,-0.3488,0.5436,0.6193
2025-03-26,23700.94921875,23736.5,23451.69921875,23486.849609375,278600,-0.9033,0.6439,0.6292
2025-03-27,23433.94921875,23646.44921875,23412.19921875,23591.94921875,510300,0.6742,0.643,0.5838
2025-03-28,23600.400390625,23649.19921875,23450.19921875,23519.349609375,295400,-0.3434,0.6033,0.5891
2025-04-01,23341.099609375,23565.150390625,23136.400390625,23165.69921875,314300,-0.7515,0.6616,0.608
2025-04-02,23192.599609375,23350.0,23158.44921875,23332.349609375,341000,0.6026,0.6467,0.5965
2025-04-03,23150.30078125,23306.5,23145.80078125,23250.099609375,283200,0.4311,0.6546,0.5908
2025-04-04,23190.400390625,23214.69921875,22857.44921875,22904.44921875,466800,-1.2331,0.7534,0.6389
2025-04-07,21758.400390625,22254.0,21743.650390625,22161.599609375,647100,1.8531,0.9377,0.7158
2025-04-08,22446.75,22697.19921875,22270.849609375,22535.849609375,468300,0.3969,0.9263,0.7157
2025-04-09,22460.30078125,22468.69921875,22353.25,22399.150390625,383800,-0.2723,0.923,0.7158
2025-04-11,22695.400390625,22923.900390625,22695.400390625,22828.55078125,402200,0.5867,0.8717,0.7173
2025-04-15,23368.349609375,23368.349609375,23207.0,23328.55078125,388300,-0.1703,0.8609,0.7196
2025-04-16,23344.099609375,23452.19921875,23273.05078125,23437.19921875,348400,0.3988,0.8494,0.7197
2025-04-17,23401.849609375,23872.349609375,23298.55078125,23851.650390625,505300,1.9221,0.9383,0.7302
2025-04-21,23949.150390625,24189.55078125,23903.650390625,24125.55078125,406100,0.7366,0.9416,0.7262
2025-04-22,24185.400390625,24242.599609375,24072.0,24167.25,440900,-0.075,0.9571,0.7283
2025-04-23,24357.599609375,24359.30078125,24119.94921875,24328.94921875,415000,-0.1176,0.795,0.7104
2025-04-24,24277.900390625,24347.849609375,24216.150390625,24246.69921875,358800,-0.1285,0.6636,0.7133
2025-04-25,24289.0,24365.44921875,23847.849609375,24039.349609375,387700,-1.0278,0.7883,0.7488
2025-04-28,24070.25,24355.099609375,24054.05078125,24328.5,320500,1.0729,0.8158,0.761
2025-04-29,24370.69921875,24457.650390625,24290.75,24335.94921875,357600,-0.1426,0.8219,0.7588
2025-04-30,24342.05078125,24396.150390625,24198.75,24334.19921875,424500,-0.0323,0.8152,0.7545
2025-05-02,24311.900390625,24589.150390625,24238.5,24346.69921875,421100,0.1431,0.8144,0.7376
2025-05-05,24419.5,24526.400390625,24400.650390625,24461.150390625,291500,0.1706,0.5599,0.7324
2025-05-06,24500.75,24509.650390625,24331.80078125,24379.599609375,302400,-0.4945,0.529,0.736
2025-05-07,24233.30078125,24449.599609375,24220.0,24414.400390625,330100,0.7473,0.5877,0.7434
2025-05-08,24431.5,24447.25,24150.19921875,24273.80078125,411400,-0.6455,0.6239,0.753
2025-05-09,23935.75,24164.25,23935.75,24008.0,335600,0.3018,0.6314,0.744
2025-05-12,24420.099609375,24944.80078125,24378.849609375,24924.69921875,368700,2.0663,0.8018,0.8199
2025-05-13,24864.05078125,24973.80078125,24547.5,24578.349609375,423000,-1.1491,0.8742,0.8502
2025-05-14,24613.80078125,24767.55078125,24535.55078125,24666.900390625,345500,0.2157,0.8707,0.8264
2025-05-15,24694.44921875,25116.25,24494.44921875,25062.099609375,500800,1.4888,0.9663,0.8557
2025-05-16,25064.650390625,25070.0,24953.05078125,25019.80078125,432700,-0.1789,0.9769,0.8525
2025-05-19,25005.349609375,25062.94921875,24916.650390625,24945.44921875,255300,-0.2396,0.9892,0.8373
2025-05-20,24996.19921875,25010.349609375,24669.69921875,24683.900390625,414800,-1.2494,1.0742,0.877
2025-05-21,24744.25,24946.19921875,24685.349609375,24813.44921875,332700,0.2797,1.0546,0.876
2025-05-22,24733.94921875,24737.5,24462.400390625,24609.69921875,403300,-0.5023,1.0445,0.8451
2025-05-23,24639.5,24909.05078125,24614.05078125,24853.150390625,270500,0.8671,1.0714,0.7963
2025-05-26,24919.349609375,25079.19921875,24900.5,25001.150390625,302800,0.3283,0.8447,0.7957
2025-05-27,24956.650390625,25062.900390625,24704.099609375,24826.19921875,525700,-0.5227,0.7712,0.8017
2025-05-28,24832.5,24864.25,24737.05078125,24752.44921875,684400,-0.3224,0.777,0.802
2025-05-29,24825.099609375,24892.599609375,24677.30078125,24833.599609375,345400,0.0342,0.5766,0.8003
2025-05-30,24812.599609375,24863.94921875,24717.400390625,24750.69921875,853900,-0.2495,0.5774,0.8016
2025-06-02,24669.69921875,24754.400390625,24526.150390625,24716.599609375,311100,0.1901,0.5865,0.7253
2025-06-03,24786.30078125,24845.099609375,24502.150390625,24542.5,349300,-0.9836,0.533,0.7372
2025-06-04,24560.44921875,24644.25,24530.44921875,24620.19921875,280900,0.2433,0.5303,0.7385
2025-06-05,24691.19921875,24899.849609375,24613.099609375,24750.900390625,388400,0.2418,0.5184,0.7393
2025-06-06,24748.69921875,25029.5,24671.44921875,25003.05078125,335600,1.0277,0.5503,0.7613
2025-06-09,25160.099609375,25160.099609375,25077.150390625,25103.19921875,279200,-0.2262,0.5413,0.7356
2025-06-10,25196.05078125,25199.30078125,25055.44921875,25104.25,307300,-0.3643,0.5283,0.7154
2025-06-11,25134.150390625,25222.400390625,25081.30078125,25141.400390625,301200,0.0288,0.5191,0.7146
2025-06-12,25164.44921875,25196.19921875,24825.900390625,24888.19921875,328300,-1.0978,0.6225,0.7442
2025-06-13,24473.0,24754.349609375,24473.0,24718.599609375,318700,1.0036,0.7129,0.766
2025-06-16,24732.349609375,24967.099609375,24703.599609375,24946.5,305800,0.8659,0.7626,0.7806
2025-06-17,24977.849609375,24982.05078125,24813.69921875,24853.400390625,242400,-0.4982,0.7007,0.7807
2025-06-18,24788.349609375,24947.55078125,24750.44921875,24812.05078125,237600,0.0956,0.6994,0.7698
2025-06-19,24803.25,24863.099609375,24733.400390625,24793.25,274600,-0.0403,0.6991,0.7593
2025-06-20,24787.650390625,25136.19921875,24783.650390625,25112.400390625,574700,1.3101,0.7458,0.7922
2025-06-23,24939.75,25057.0,24824.849609375,24971.900390625,248500,0.1289,0.7365,0.6989
2025-06-24,25179.900390625,25317.69921875,24999.69921875,25044.349609375,450200,-0.5383,0.7518,0.6719
2025-06-25,25150.349609375,25266.80078125,25125.05078125,25244.75,260600,0.3753,0.7548,0.6739
2025-06-26,25268.94921875,25565.30078125,25259.900390625,25549.0,428900,1.1083,0.663,0.649
2025-06-27,25576.650390625,25654.19921875,25523.55078125,25637.80078125,564000,0.2391,0.6263,0.6487
2025-06-30,25661.650390625,25669.349609375,25473.30078125,25517.05078125,271000,-0.5635,0.6467,0.6563
2025-07-01,25551.349609375,25593.400390625,25501.80078125,25541.80078125,260700,-0.0374,0.6098,0.6099
2025-07-02,25588.30078125,25608.099609375,25378.75,25453.400390625,309800,-0.5272,0.6528,0.6185
2025-07-03,25505.099609375,25587.5,25384.349609375,25405.30078125,293400,-0.3913,0.6731,0.6154
2025-07-04,25428.849609375,25470.25,25331.650390625,25461.0,193500,0.1264,0.5268,0.5964
2025-07-07,25450.44921875,25489.80078125,25407.25,25461.30078125,196100,0.0426,0.5251,0.5938
2025-07-08,25427.849609375,25548.05078125,25424.150390625,25522.5,210400,0.3722,0.503,0.5878
2025-07-09,25514.599609375,25548.69921875,25424.349609375,25476.099609375,239100,-0.1509,0.4955,0.5849
2025-07-10,25511.650390625,25524.05078125,25340.44921875,25355.25,219600,-0.6131,0.3553,0.5976
2025-07-11,25255.5,25322.44921875,25129.0,25149.849609375,250000,-0.4183,0.3355,0.6012
2025-07-14,25149.5,25151.099609375,25001.94921875,25082.30078125,259500,-0.2672,0.3138,0.6029
2025-07-15,25089.5,25245.19921875,25088.44921875,25195.80078125,241300,0.4237,0.3674,0.5765
2025-07-16,25196.599609375,25255.30078125,25121.05078125,25212.05078125,228800,0.0613,0.345,0.5755
2025-07-17,25230.75,25238.349609375,25101.0,25111.44921875,243400,-0.4728,0.354,0.5824
2025-07-18,25108.55078125,25144.599609375,24918.650390625,24968.400390625,317000,-0.5582,0.3733,0.5606
2025-07-21,24999.0,25111.400390625,24882.30078125,25090.69921875,305200,0.3668,0.4053,0.5635
2025-07-22,25166.650390625,25182.0,25035.55078125,25060.900390625,483700,-0.4202,0.3734,0.5648
2025-07-23,25139.349609375,25233.5,25085.5,25219.900390625,271500,0.3204,0.409,0.5679
2025-07-24,25243.30078125,25246.25,25018.69921875,25062.099609375,338700,-0.7178,0.4231,0.5462
2025-07-25,25010.349609375,25010.349609375,24806.349609375,24837.0,278100,-0.6931,0.4492,0.5285
2025-07-28,24782.44921875,24889.19921875,24646.599609375,24680.900390625,262100,-0.4098,0.454,0.5042
2025-07-29,24609.650390625,24847.150390625,24598.599609375,24821.099609375,284700,0.8592,0.5352,0.5256
2025-07-30,24890.400390625,24902.30078125,24771.94921875,24855.05078125,243900,-0.142,0.5294,0.5254
2025-07-31,24642.25,24956.5,24635.0,24768.349609375,346300,0.5117,0.5609,0.535
2025-08-01,24734.900390625,24784.150390625,24535.05078125,24565.349609375,263400,-0.6855,0.574,0.4854
2025-08-04,24596.05078125,24736.25,24554.0,24722.75,259300,0.5151,0.5892,0.4964
2025-08-05,24720.25,24733.099609375,24590.30078125,24649.55078125,251800,-0.286,0.5822,0.4904
2025-08-06,24641.349609375,24671.400390625,24539.19921875,24574.19921875,225100,-0.2725,0.5677,0.4844
2025-08-07,24464.19921875,24634.19921875,24344.150390625,24596.150390625,616700,0.5394,0.5628,0.4455
2025-08-08,24544.25,24585.5,24337.5,24363.30078125,312600,-0.7372,0.5689,0.4548
2025-08-11,24371.5,24600.849609375,24347.44921875,24585.05078125,241100,0.8762,0.6124,0.4837
2025-08-12,24563.349609375,24702.599609375,24465.650390625,24487.400390625,237000,-0.3092,0.5648,0.4852
2025-08-13,24586.19921875,24664.55078125,24535.25,24619.349609375,236000,0.1348,0.5638,0.4802
2025-08-14,24607.25,24673.650390625,24596.900390625,24631.30078125,270200,0.0977,0.539,0.4775
2025-08-18,24938.19921875,25022.0,24852.849609375,24876.94921875,363100,-0.2456,0.4941,0.4773
2025-08-19,24891.349609375,25012.650390625,24873.94921875,24980.650390625,252300,0.3588,0.4794,0.4834
2025-08-20,24965.80078125,25088.69921875,24929.69921875,25050.55078125,287100,0.3395,0.4764,0.4824
2025-08-21,25142.0,25153.650390625,25054.900390625,25083.75,226500,-0.2317,0.4733,0.4831
2025-08-22,25064.150390625,25084.849609375,24859.150390625,24870.099609375,210200,-0.7742,0.5129,0.4902
2025-08-25,24949.150390625,25021.55078125,24894.349609375,24967.75,213000,0.0746,0.4526,0.4866
2025-08-26,24899.5,24919.650390625,24689.599609375,24712.05078125,750500,-0.7528,0.4058,0.5016
2025-08-28,24695.80078125,24702.650390625,24481.599609375,24500.900390625,326600,-0.7892,0.4547,0.5089
2025-08-29,24466.69921875,24572.44921875,24404.69921875,24426.849609375,325500,-0.1629,0.4414,0.5079
2025-09-01,24432.69921875,24635.599609375,24432.69921875,24625.05078125,229300,0.7873,0.5379,0.5295
2025-09-02,24653.0,24756.099609375,24522.349609375,24579.599609375,271600,-0.2977,0.5393,0.5235
2025-09-03,24616.5,24737.05078125,24533.19921875,24715.05078125,340300,0.4003,0.5437,0.5245
2025-09-04,24980.75,24980.75,24708.19921875,24734.30078125,314100,-0.9866,0.5744,0.5473
2025-09-05,24818.849609375,24832.349609375,24621.599609375,24741.0,210100,-0.3137,0.5744,0.5431
2025-09-08,24802.599609375,24885.5,24751.55078125,24773.150390625,213200,-0.1187,0.5487,0.5309
2025-09-09,24864.099609375,24891.80078125,24814.0,24868.599609375,226900,0.0181,0.5457,0.5188
2025-09-10,24991.0,25035.69921875,24915.05078125,24973.099609375,244100,-0.0716,0.5136,0.5147
2025-09-11,24945.5,25037.30078125,24940.150390625,25005.5,224600,0.2405,0.4736,0.4886
2025-09-12,25074.44921875,25139.44921875,25038.05078125,25114.0,225700,0.1577,0.476,0.4902
2025-09-15,25118.900390625,25138.44921875,25048.75,25069.19921875,185400,-0.1979,0.3837,0.4784
2025-09-16,25073.599609375,25261.400390625,25070.44921875,25239.099609375,240100,0.6601,0.4478,0.4836
2025-09-17,25276.599609375,25346.5,25275.349609375,25330.25,268900,0.2123,0.4318,0.4746
2025-09-18,25441.05078125,25448.94921875,25329.75,25423.599609375,272200,-0.0686,0.2786,0.4726
2025-09-19,25410.19921875,25428.75,25286.30078125,25327.05078125,380400,-0.3272,0.2806,0.4736
2025-09-22,25238.099609375,25331.69921875,25151.05078125,25202.349609375,254500,-0.1417,0.2822,0.4606
2025-09-23,25209.0,25261.900390625,25084.650390625,25169.5,299200,-0.1567,0.2896,0.4435
2025-09-24,25108.75,25149.849609375,25027.44921875,25056.900390625,244400,-0.2065,0.2979,0.408
2025-09-25,25034.5,25092.69921875,24878.30078125,24890.849609375,342500,-0.5738,0.3386,0.4157
2025-09-26,24818.55078125,24868.599609375,24629.44921875,24654.69921875,291500,-0.6602,0.3758,0.4255
2025-09-29,24728.55078125,24791.30078125,24606.19921875,24634.900390625,394400,-0.3787,0.3828,0.4259
2025-09-30,24691.94921875,24731.80078125,24587.69921875,24611.099609375,303000,-0.3274,0.2514,0.4268
2025-10-01,24620.55078125,24867.94921875,24605.94921875,24836.30078125,308900,0.8763,0.4212,0.4572
2025-10-03,24759.55078125,24904.80078125,24747.55078125,24894.25,365900,0.544,0.482,0.4658
2025-10-06,24916.55078125,25095.94921875,24881.650390625,25077.650390625,268800,0.6466,0.5344,0.4856
2025-10-07,25085.30078125,25220.900390625,25076.30078125,25108.30078125,288000,0.0917,0.5345,0.469
2025-10-08,25079.75,25192.5,25008.5,25046.150390625,227400,-0.134,0.5339,0.4685
2025-10-09,25074.30078125,25199.25,25024.30078125,25181.80078125,286300,0.4287,0.5458,0.4584
2025-10-10,25167.650390625,25330.75,25156.849609375,25285.349609375,232900,0.4677,0.5116,0.4437
2025-10-13,25177.30078125,25267.30078125,25152.30078125,25227.349609375,234300,0.1988,0.424,0.4437
2025-10-14,25277.55078125,25310.349609375,25060.55078125,25145.5,292100,-0.5224,0.4491,0.4304
2025-10-15,25181.94921875,25365.150390625,25159.349609375,25323.55078125,289900,0.5623,0.4138,0.4396
2025-10-16,25394.900390625,25625.400390625,25376.849609375,25585.30078125,372800,0.7498,0.3963,0.4547
2025-10-17,25546.849609375,25781.5,25508.599609375,25709.849609375,422100,0.638,0.4037,0.4262
2025-10-20,25824.599609375,25926.19921875,25788.5,25843.150390625,301100,0.0718,0.3916,0.4198
2025-10-21,25901.19921875,25934.349609375,25825.80078125,25868.599609375,42500,-0.1259,0.4075,0.42
2025-10-23,26057.19921875,26104.19921875,25862.44921875,25891.400390625,448400,-0.6363,0.4819,0.4403
2025-10-24,25935.099609375,25944.150390625,25718.19921875,25795.150390625,284900,-0.5396,0.5227,0.4535
2025-10-27,25843.19921875,26005.94921875,25827.0,25966.05078125,266300,0.4754,0.5233,0.4588
2025-10-28,25939.94921875,26041.69921875,25810.05078125,25936.19921875,395200,-0.0145,0.5226,0.4586
2025-10-29,25982.0,26097.849609375,25960.30078125,26053.900390625,321900,0.2767,0.4822,0.4578
2025-10-30,25984.400390625,26032.05078125,25845.25,25877.849609375,257400,-0.4101,0.4869,0.4519
2025-10-31,25863.80078125,25953.75,25711.19921875,25722.099609375,334400,-0.5479,0.4508,0.4627
2025-11-03,25696.849609375,25803.099609375,25645.5,25763.349609375,23300,0.2588,0.3963,0.4647
2025-11-04,25744.75,25787.400390625,25578.400390625,25597.650390625,305100,-0.5714,0.4136,0.473
2025-11-06,25593.349609375,25679.150390625,25491.55078125,25509.69921875,371900,-0.3268,0.4154,0.4763
2025-11-07,25433.80078125,25551.25,25318.44921875,25492.30078125,305600,0.23,0.4053,0.477
2025-11-10,25503.5,25653.44921875,25503.5,25574.349609375,243600,0.2778,0.3929,0.4773
2025-11-11,25617.0,25715.80078125,25449.25,25694.94921875,297700,0.3043,0.3713,0.4656
2025-11-12,25834.30078125,25934.55078125,25781.150390625,25875.80078125,312600,0.1606,0.3774,0.4452
2025-11-13,25906.099609375,26010.69921875,25808.400390625,25879.150390625,385200,-0.104,0.3613,0.438
2025-11-14,25767.900390625,25940.19921875,25740.80078125,25910.05078125,518900,0.5517,0.3885,0.4378
2025-11-17,25948.19921875,26024.19921875,25906.349609375,26013.44921875,281800,0.2515,0.3367,0.4154
2025-11-18,26021.80078125,26029.849609375,25876.5,25910.05078125,280000,-0.4294,0.3701,0.4182
2025-11-19,25918.099609375,26074.650390625,25856.19921875,26052.650390625,250100,0.5191,0.3303,0.4128
2025-11-20,26132.099609375,26246.650390625,26063.19921875,26192.150390625,240400,0.2298,0.2862,0.4138
2025-11-21,26109.55078125,26179.19921875,26052.19921875,26068.150390625,235600,-0.1586,0.3071,0.4142
2025-11-24,26122.80078125,26142.80078125,25912.150390625,25959.5,464700,-0.6251,0.3902,0.4277
2025-11-25,25998.5,26032.599609375,25857.5,25884.80078125,260500,-0.4373,0.4107,0.4285
2025-11-26,25842.94921875,26215.150390625,25842.94921875,26205.30078125,275300,1.4021,0.6068,0.4975
2025-11-27,26261.25,26310.44921875,26141.900390625,26215.55078125,240300,-0.174,0.6101,0.4876
2025-11-28,26237.44921875,26280.75,26172.400390625,26202.94921875,202500,-0.1315,0.5935,0.4795
2025-12-01,26325.80078125,26325.80078125,26124.19921875,26175.75,213800,-0.57,0.6181,0.4725
2025-12-02,26087.94921875,26154.599609375,25997.849609375,26032.19921875,254800,-0.2137,0.6065,0.4579
2025-12-03,26004.900390625,26066.44921875,25891.0,25986.0,265700,-0.0727,0.5767,0.4575
2025-12-04,25981.849609375,26098.25,25938.94921875,26033.75,248100,0.1998,0.575,0.4592
2025-12-05,25999.80078125,26202.599609375,25985.349609375,26186.44921875,249300,0.7179,0.6259,0.4638
2025-12-08,26159.80078125,26178.69921875,25892.25,25960.55078125,320700,-0.7617,0.6426,0.4747
2025-12-09,25867.099609375,25923.650390625,25728.0,25839.650390625,276000,-0.1061,0.6261,0.4668
2025-12-10,25864.05078125,25947.650390625,25734.55078125,25758.0,207900,-0.41,0.4091,0.4725
2025-12-11,25771.400390625,25922.80078125,25693.25,25898.55078125,206100,0.4934,0.4568,0.4789
2025-12-12,25971.19921875,26057.599609375,25938.44921875,26046.94921875,216300,0.2917,0.4715,0.476
2025-12-15,25930.05078125,26047.150390625,25904.75,26027.30078125,181600,0.375,0.4483,0.4686
2025-12-16,25951.5,25980.75,25834.349609375,25860.099609375,264400,-0.3522,0.4594,0.472
2025-12-17,25902.400390625,25929.150390625,25770.349609375,25818.55078125,206500,-0.3237,0.4727,0.4634
2025-12-18,25764.69921875,25902.349609375,25726.30078125,25815.55078125,197600,0.1974,0.4726,0.4595
2025-12-19,25911.5,25993.349609375,25880.44921875,25966.400390625,382900,0.2119,0.4119,0.4592
2025-12-22,26055.849609375,26180.69921875,26047.80078125,26172.400390625,253000,0.4473,0.3485,0.4632
2025-12-23,26205.19921875,26233.55078125,26119.05078125,26177.150390625,216600,-0.107,0.3486,0.4615
2025-12-24,26170.650390625,26236.400390625,26123.0,26142.099609375,188800,-0.1091,0.3125,0.4616
2025-12-26,26121.25,26144.19921875,26008.599609375,26042.30078125,142200,-0.3022,0.3059,0.465
2025-12-29,26063.349609375,26106.80078125,25920.30078125,25942.099609375,234300,-0.4652,0.3276,0.462
2025-12-30,25940.900390625,25976.75,25878.0,25938.849609375,396900,-0.0079,0.2941,0.4592
2025-12-31,25971.05078125,26187.94921875,25969.0,26129.599609375,246300,0.6105,0.3481,0.4666
2026-01-01,26173.30078125,26197.55078125,26113.400390625,26146.55078125,425600,-0.1022,0.3307,0.4571
2026-01-02,26155.099609375,26340.0,26118.400390625,26328.55078125,357500,0.6632,0.3842,0.4715
2026-01-05,26333.69921875,26373.19921875,26210.05078125,26250.30078125,338800,-0.3167,0.4007,0.4743
2026-01-06,26189.69921875,26273.94921875,26124.75,26178.69921875,383000,-0.042,0.3731,0.4594
2026-01-07,26143.099609375,26187.150390625,26067.900390625,26140.75,338200,-0.009,0.3718,0.4513
2026-01-08,26106.5,26133.19921875,25858.44921875,25876.849609375,328500,-0.8797,0.4636,0.4025
2026-01-09,25840.400390625,25940.599609375,25623.0,25683.30078125,348800,-0.608,0.4889,0.415
2026-01-12,25669.05078125,25813.150390625,25473.400390625,25790.25,275800,0.4722,0.5041,0.4257
2026-01-13,25897.349609375,25899.80078125,25603.30078125,25732.30078125,339500,-0.6373,0.5401,0.4288
2026-01-14,25648.55078125,25791.75,25603.94921875,25665.599609375,393100,0.0665,0.4871,0.4279
2026-01-16,25696.05078125,25873.5,25662.400390625,25694.349609375,434000,-0.0066,0.4889,0.4279
2026-01-19,25653.099609375,25653.30078125,25494.349609375,25585.5,443100,-0.2635,0.4019,0.4278
2026-01-20,25580.30078125,25585.0,25171.349609375,25232.5,409800,-1.3596,0.5405,0.4669
2026-01-21,25141.0,25300.94921875,24919.80078125,25157.5,395600,0.0656,0.5479,0.4513
2026-01-22,25344.150390625,25435.75,25168.5,25289.900390625,486400,-0.2141,0.5388,0.4519
2026-01-23,25344.599609375,25347.94921875,25025.30078125,25048.650390625,393900,-1.1677,0.5774,0.4901
2026-01-27,25063.349609375,25246.650390625,24932.55078125,25175.400390625,618700,0.4471,0.6228,0.4882
2026-01-28,25258.849609375,25372.099609375,25187.650390625,25342.75,574900,0.3322,0.6058,0.4894
2026-01-29,25345.0,25458.150390625,25159.80078125,25418.900390625,582400,0.2916,0.615,0.4868
2026-01-30,25247.55078125,25370.69921875,25213.650390625,25320.650390625,508400,0.2895,0.6289,0.4901
2026-02-02,24796.5,25108.099609375,24679.400390625,25088.400390625,449200,1.1772,0.7587,0.54
2026-02-03,26308.05078125,26341.19921875,25641.30078125,25727.55078125,637300,-2.2065,1.0245,0.6664
2026-02-04,25675.05078125,25818.55078125,25563.94921875,25776.0,429800,0.3932,0.9584,0.6704
2026-02-05,25755.900390625,25757.650390625,25579.5,25642.80078125,343800,-0.4391,0.9644,0.6641
2026-02-06,25605.80078125,25703.94921875,25491.900390625,25693.69921875,375500,0.3433,0.9737,0.6701
2026-02-09,25888.69921875,25922.25,25780.900390625,25867.30078125,359400,-0.0827,0.8929,0.6702
2026-02-10,25922.650390625,25989.44921875,25870.44921875,25935.150390625,460900,0.0482,0.8823,0.6702
2026-02-11,25997.44921875,26009.400390625,25899.80078125,25953.849609375,331400,-0.1677,0.8764,0.6671
2026-02-12,25906.69921875,25906.69921875,25752.400390625,25807.19921875,419400,-0.3841,0.8745,0.6686
2026-02-13,25571.150390625,25630.349609375,25444.30078125,25471.099609375,453500,-0.3913,0.867,0.6556
2026-02-16,25423.599609375,25697.0,25372.69921875,25682.75,275800,1.0193,0.8408,0.6899
2026-02-17,25637.94921875,25764.400390625,25570.30078125,25725.400390625,344100,0.3411,0.4609,0.6797
2026-02-18,25752.650390625,25828.05078125,25645.150390625,25819.349609375,310200,0.259,0.4523,0.6824
2026-02-19,25873.349609375,25885.30078125,25388.75,25454.349609375,298200,-1.6194,0.688,0.7356
2026-02-20,25406.55078125,25663.55078125,25379.75,25571.25,296600,0.6483,0.7143,0.75
2026-02-23,25678.400390625,25771.44921875,25609.349609375,25713.0,313700,0.1347,0.7159,0.7383
2026-02-24,25641.80078125,25641.80078125,25327.599609375,25424.650390625,439100,-0.8469,0.7622,0.7452
2026-02-25,25512.599609375,25652.599609375,25428.19921875,25482.5,414200,-0.118,0.7618,0.7369
2026-02-26,25556.30078125,25572.94921875,25400.94921875,25496.55078125,405200,-0.2338,0.757,0.7311
2026-02-27,25459.849609375,25476.400390625,25141.30078125,25178.650390625,438900,-1.1045,0.8204,0.7517
2026-03-02,24659.25,24989.349609375,24603.5,24865.69921875,519200,0.8372,0.7931,0.7731
2026-03-04,24388.80078125,24602.44921875,24305.400390625,24480.5,599000,0.376,0.7957,0.7782
2026-03-05,24615.94921875,24854.19921875,24529.400390625,24765.900390625,504300,0.6092,0.8237,0.7518
2026-03-06,24656.400390625,24700.900390625,24415.75,24450.44921875,433400,-0.8353,0.6934,0.7651
2026-03-09,23868.05078125,24078.150390625,23697.80078125,24028.05078125,526900,0.6704,0.6959,0.7765
2026-03-10,24280.80078125,24303.80078125,24079.94921875,24261.599609375,444300,-0.0791,0.6928,0.7472
2026-03-11,24231.849609375,24299.0,23834.30078125,23866.849609375,407400,-1.5063,0.7981,0.7899
2026-03-12,23674.849609375,23833.150390625,23556.30078125,23639.150390625,501000,-0.1508,0.7981,0.7862
2026-03-13,23462.5,23492.400390625,23112.0,23151.099609375,519800,-1.3272,0.8825,0.8141
2026-03-16,23116.099609375,23502.0,22955.25,23408.80078125,540300,1.2662,0.9441,0.8508
2026-03-17,23493.19921875,23656.80078125,23346.599609375,23581.150390625,458800,0.3744,0.9084,0.8209
2026-03-18,23632.900390625,23862.25,23618.44921875,23777.80078125,382900,0.6131,0.924,0.7327
2026-03-19,23197.75,23378.69921875,22930.349609375,23002.150390625,550100,-0.8432,0.9253,0.742
2026-03-20,23110.150390625,23345.150390625,23067.599609375,23114.5,663300,0.0188,0.8973,0.7392
2026-03-23,22824.349609375,22851.69921875,22471.25,22512.650390625,550300,-1.3656,0.9342,0.7713
2026-03-24,22878.44921875,23057.30078125,22624.19921875,22912.400390625,538100,0.1484,0.9429,0.7729
2026-03-25,23064.400390625,23465.349609375,23063.19921875,23306.44921875,505400,1.0494,0.9188,0.8015
2026-03-27,23173.55078125,23186.099609375,22804.55078125,22819.599609375,612600,-1.5274,1.036,0.8436
2026-03-30,22549.650390625,22714.099609375,22283.849609375,22331.400390625,698600,-0.9679,0.9965,0.8562
2026-04-01,22899.0,22941.30078125,22618.599609375,22679.400390625,518000,-0.959,0.895,0.8679
2026-04-02,22383.400390625,22782.30078125,22182.55078125,22713.099609375,495100,1.473,1.0476,0.8929
2026-04-06,22780.30078125,22998.349609375,22542.94921875,22968.25,426400,0.8251,1.0686,0.9065
2026-04-07,22838.69921875,23153.849609375,22719.30078125,23123.650390625,477000,1.2477,1.1346,0.9389
2026-04-08,23855.150390625,24025.150390625,23828.5,23997.349609375,639300,0.5961,1.1505,0.9022
2026-04-09,23909.05078125,23990.75,23682.80078125,23775.099609375,466600,-0.5603,1.0653,0.8977
2026-04-10,23880.55078125,24074.05078125,23856.349609375,24050.599609375,481300,0.7121,1.081,0.9084
2026-04-13,23589.599609375,23907.400390625,23555.599609375,23842.650390625,488800,1.0727,1.0831,0.9182
2026-04-15,24163.80078125,24280.900390625,24145.80078125,24231.30078125,460300,0.2793,0.8997,0.9191
2026-04-16,24385.19921875,24400.94921875,24102.80078125,24196.75,508000,-0.7728,0.8691,0.9295
2026-04-17,24165.900390625,24371.900390625,24096.05078125,24353.55078125,498600,0.7765,0.7319,0.9154
2026-04-20,24391.5,24480.650390625,24241.25,24364.849609375,415900,-0.1093,0.6832,0.9042
2026-04-21,24374.55078125,24601.69921875,24354.900390625,24576.599609375,425800,0.8289,0.6834,0.9138
2026-04-22,24470.849609375,24515.94921875,24352.900390625,24378.099609375,440500,-0.379,0.6541,0.9108
2026-04-23,24202.349609375,24310.19921875,24134.80078125,24173.05078125,467500,-0.1211,0.6506,0.897
2026-04-24,24100.55078125,24206.0,23813.650390625,23897.94921875,438400,-0.8407,0.6905,0.9029
2026-04-27,23945.44921875,24130.69921875,23936.19921875,24092.69921875,430300,0.6149,0.6822,0.9099
2026-04-28,24049.900390625,24181.80078125,23957.05078125,23995.69921875,554100,-0.2254,0.6029,0.865
2026-04-29,24096.900390625,24334.69921875,24059.94921875,24177.650390625,531100,0.3351,0.6059,0.8655
2026-04-30,23996.94921875,24087.44921875,23796.849609375,23997.55078125,505500,0.0025,0.5406,0.8243
2026-05-04,24063.55078125,24290.19921875,24004.75,24119.30078125,419100,0.2317,0.4885,0.7958
2026-05-05,24052.599609375,24081.69921875,23882.05078125,24032.80078125,363300,-0.0823,0.4877,0.7944
2026-05-06,24171.0,24356.5,23997.900390625,24330.94921875,429200,0.6617,0.4596,0.7956
2026-05-07,24398.5,24482.099609375,24284.0,24326.650390625,440600,-0.2945,0.4521,0.78
2026-05-08,24233.650390625,24253.80078125,24126.650390625,24176.150390625,335900,-0.2373,0.4578,0.7822
2026-05-11,23970.099609375,23997.44921875,23799.099609375,23815.849609375,390100,-0.6435,0.4195,0.7465
2026-05-12,23722.599609375,23757.55078125,23348.400390625,23379.55078125,447500,-1.4461,0.5794,0.7982
2026-05-13,23362.44921875,23582.94921875,23262.55078125,23412.599609375,415400,0.2147,0.5913,0.7765
2026-05-14,23530.25,23777.19921875,23426.55078125,23689.599609375,428700,0.6772,0.6296,0.7274
2026-05-15,23731.400390625,23839.30078125,23610.30078125,23643.5,408900,-0.3704,0.6344,0.7051
